sido,sigungu,year
강원특별자치도,강릉시,2008
강원특별자치도,강릉시,2009
강원특별자치도,강릉시,2010
강원특별자치도,강릉시,2011
강원특별자치도,강릉시,2012
강원특별자치도,강릉시,2013
강원특별자치도,강릉시,2014
강원특별자치도,강릉시,2015
강원특별자치도,강릉시,2016
강원특별자치도,강릉시,2017
강원특별자치도,강릉시,2018
강원특별자치도,강릉시,2019
강원특별자치도,강릉시,2020
강원특별자치도,강릉시,2021
강원특별자치도,강릉시,2022
강원특별자치도,강릉시,2023
강원특별자치도,강릉시,2024
강원특별자치도,강릉시,2025
강원특별자치도,고성군,2008
강원특별자치도,고성군,2009
강원특별자치도,고성군,2010
강원특별자치도,고성군,2011
강원특별자치도,고성군,2012
강원특별자치도,고성군,2013
강원특별자치도,고성군,2014
강원특별자치도,고성군,2015
강원특별자치도,고성군,2016
강원특별자치도,고성군,2017
강원특별자치도,고성군,2018
강원특별자치도,고성군,2019
강원특별자치도,고성군,2020
강원특별자치도,고성군,2021
강원특별자치도,고성군,2022
강원특별자치도,고성군,2023
강원특별자치도,고성군,2024
강원특별자치도,고성군,2025
강원특별자치도,동해시,2008
강원특별자치도,동해시,2009
강원특별자치도,동해시,2010
강원특별자치도,동해시,2011
강원특별자치도,동해시,2012
강원특별자치도,동해시,2013
강원특별자치도,동해시,2014
강원특별자치도,동해시,2015
강원특별자치도,동해시,2016
강원특별자치도,동해시,2017
강원특별자치도,동해시,2018
강원특별자치도,동해시,2019
강원특별자치도,동해시,2020
강원특별자치도,동해시,2021
강원특별자치도,동해시,2022
강원특별자치도,동해시,2023
강원특별자치도,동해시,2024
강원특별자치도,동해시,2025
강원특별자치도,삼척시,2008
강원특별자치도,삼척시,2009
강원특별자치도,삼척시,2010
강원특별자치도,삼척시,2011
강원특별자치도,삼척시,2012
강원특별자치도,삼척시,2013
강원특별자치도,삼척시,2014
강원특별자치도,삼척시,2015
강원특별자치도,삼척시,2016
강원특별자치도,삼척시,2017
강원특별자치도,삼척시,2018
강원특별자치도,삼척시,2019
강원특별자치도,삼척시,2020
강원특별자치도,삼척시,2021
강원특별자치도,삼척시,2022
강원특별자치도,삼척시,2023
강원특별자치도,삼척시,2024
강원특별자치도,삼척시,2025
강원특별자치도,속초시,2008
강원특별자치도,속초시,2009
강원특별자치도,속초시,2010
강원특별자치도,속초시,2011
강원특별자치도,속초시,2012
강원특별자치도,속초시,2013
강원특별자치도,속초시,2014
강원특별자치도,속초시,2015
강원특별자치도,속초시,2016
강원특별자치도,속초시,2017
강원특별자치도,속초시,2018
강원특별자치도,속초시,2019
강원특별자치도,속초시,2020
강원특별자치도,속초시,2021
강원특별자치도,속초시,2022
강원특별자치도,속초시,2023
강원특별자치도,속초시,2024
강원특별자치도,속초시,2025
강원특별자치도,양구군,2008
강원특별자치도,양구군,2009
강원특별자치도,양구군,2010
강원특별자치도,양구군,2011
강원특별자치도,양구군,2012
강원특별자치도,양구군,2013
강원특별자치도,양구군,2014
강원특별자치도,양구군,2015
강원특별자치도,양구군,2016
강원특별자치도,양구군,2017
강원특별자치도,양구군,2018
강원특별자치도,양구군,2019
강원특별자치도,양구군,2020
강원특별자치도,양구군,2021
강원특별자치도,양구군,2022
강원특별자치도,양구군,2023
강원특별자치도,양구군,2024
강원특별자치도,양구군,2025
강원특별자치도,양양군,2008
강원특별자치도,양양군,2009
강원특별자치도,양양군,2010
강원특별자치도,양양군,2011
강원특별자치도,양양군,2012
강원특별자치도,양양군,2013
강원특별자치도,양양군,2014
강원특별자치도,양양군,2015
강원특별자치도,양양군,2016
강원특별자치도,양양군,2017
강원특별자치도,양양군,2018
강원특별자치도,양양군,2019
강원특별자치도,양양군,2020
강원특별자치도,양양군,2021
강원특별자치도,양양군,2022
강원특별자치도,양양군,2023
강원특별자치도,양양군,2024
강원특별자치도,양양군,2025
강원특별자치도,영월군,2008
강원특별자치도,영월군,2009
강원특별자치도,영월군,2010
강원특별자치도,영월군,2011
강원특별자치도,영월군,2012
강원특별자치도,영월군,2013
강원특별자치도,영월군,2014
강원특별자치도,영월군,2015
강원특별자치도,영월군,2016
강원특별자치도,영월군,2017
강원특별자치도,영월군,2018
강원특별자치도,영월군,2019
강원특별자치도,영월군,2020
강원특별자치도,영월군,2021
강원특별자치도,영월군,2022
강원특별자치도,영월군,2023
강원특별자치도,영월군,2024
강원특별자치도,영월군,2025
강원특별자치도,원주시,2008
강원특별자치도,원주시,2009
강원특별자치도,원주시,2010
강원특별자치도,원주시,2011
강원특별자치도,원주시,2012
강원특별자치도,원주시,2013
강원특별자치도,원주시,2014
강원특별자치도,원주시,2015
강원특별자치도,원주시,2016
강원특별자치도,원주시,2017
강원특별자치도,원주시,2018
강원특별자치도,원주시,2019
강원특별자치도,원주시,2020
강원특별자치도,원주시,2021
강원특별자치도,원주시,2022
강원특별자치도,원주시,2023
강원특별자치도,원주시,2024
강원특별자치도,원주시,2025
강원특별자치도,인제군,2008
강원특별자치도,인제군,2009
강원특별자치도,인제군,2010
강원특별자치도,인제군,2011
강원특별자치도,인제군,2012
강원특별자치도,인제군,2013
강원특별자치도,인제군,2014
강원특별자치도,인제군,2015
강원특별자치도,인제군,2016
강원특별자치도,인제군,2017
강원특별자치도,인제군,2018
강원특별자치도,인제군,2019
강원특별자치도,인제군,2020
강원특별자치도,인제군,2021
강원특별자치도,인제군,2022
강원특별자치도,인제군,2023
강원특별자치도,인제군,2024
강원특별자치도,인제군,2025
강원특별자치도,정선군,2008
강원특별자치도,정선군,2009
강원특별자치도,정선군,2010
강원특별자치도,정선군,2011
강원특별자치도,정선군,2012
강원특별자치도,정선군,2013
강원특별자치도,정선군,2014
강원특별자치도,정선군,2015
강원특별자치도,정선군,2016
강원특별자치도,정선군,2017
강원특별자치도,정선군,2018
강원특별자치도,정선군,2019
강원특별자치도,정선군,2020
강원특별자치도,정선군,2021
강원특별자치도,정선군,2022
강원특별자치도,정선군,2023
강원특별자치도,정선군,2024
강원특별자치도,정선군,2025
강원특별자치도,철원군,2008
강원특별자치도,철원군,2009
강원특별자치도,철원군,2010
강원특별자치도,철원군,2011
강원특별자치도,철원군,2012
강원특별자치도,철원군,2013
강원특별자치도,철원군,2014
강원특별자치도,철원군,2015
강원특별자치도,철원군,2016
강원특별자치도,철원군,2017
강원특별자치도,철원군,2018
강원특별자치도,철원군,2019
강원특별자치도,철원군,2020
강원특별자치도,철원군,2021
강원특별자치도,철원군,2022
강원특별자치도,철원군,2023
강원특별자치도,철원군,2024
강원특별자치도,철원군,2025
강원특별자치도,춘천시,2008
강원특별자치도,춘천시,2009
강원특별자치도,춘천시,2010
강원특별자치도,춘천시,2011
강원특별자치도,춘천시,2012
강원특별자치도,춘천시,2013
강원특별자치도,춘천시,2014
강원특별자치도,춘천시,2015
강원특별자치도,춘천시,2016
강원특별자치도,춘천시,2017
강원특별자치도,춘천시,2018
강원특별자치도,춘천시,2019
강원특별자치도,춘천시,2020
강원특별자치도,춘천시,2021
강원특별자치도,춘천시,2022
강원특별자치도,춘천시,2023
강원특별자치도,춘천시,2024
강원특별자치도,춘천시,2025
강원특별자치도,태백시,2008
강원특별자치도,태백시,2009
강원특별자치도,태백시,2010
강원특별자치도,태백시,2011
강원특별자치도,태백시,2012
강원특별자치도,태백시,2013
강원특별자치도,태백시,2014
강원특별자치도,태백시,2015
강원특별자치도,태백시,2016
강원특별자치도,태백시,2017
강원특별자치도,태백시,2018
강원특별자치도,태백시,2019
강원특별자치도,태백시,2020
강원특별자치도,태백시,2021
강원특별자치도,태백시,2022
강원특별자치도,태백시,2023
강원특별자치도,태백시,2024
강원특별자치도,태백시,2025
강원특별자치도,평창군,2008
강원특별자치도,평창군,2009
강원특별자치도,평창군,2010
강원특별자치도,평창군,2011
강원특별자치도,평창군,2012
강원특별자치도,평창군,2013
강원특별자치도,평창군,2014
강원특별자치도,평창군,2015
강원특별자치도,평창군,2016
강원특별자치도,평창군,2017
강원특별자치도,평창군,2018
강원특별자치도,평창군,2019
강원특별자치도,평창군,2020
강원특별자치도,평창군,2021
강원특별자치도,평창군,2022
강원특별자치도,평창군,2023
강원특별자치도,평창군,2024
강원특별자치도,평창군,2025
강원특별자치도,홍천군,2008
강원특별자치도,홍천군,2009
강원특별자치도,홍천군,2010
강원특별자치도,홍천군,2011
강원특별자치도,홍천군,2012
강원특별자치도,홍천군,2013
강원특별자치도,홍천군,2014
강원특별자치도,홍천군,2015
강원특별자치도,홍천군,2016
강원특별자치도,홍천군,2017
강원특별자치도,홍천군,2018
강원특별자치도,홍천군,2019
강원특별자치도,홍천군,2020
강원특별자치도,홍천군,2021
강원특별자치도,홍천군,2022
강원특별자치도,홍천군,2023
강원특별자치도,홍천군,2024
강원특별자치도,홍천군,2025
강원특별자치도,화천군,2008
강원특별자치도,화천군,2009
강원특별자치도,화천군,2010
강원특별자치도,화천군,2011
강원특별자치도,화천군,2012
강원특별자치도,화천군,2013
강원특별자치도,화천군,2014
강원특별자치도,화천군,2015
강원특별자치도,화천군,2016
강원특별자치도,화천군,2017
강원특별자치도,화천군,2018
강원특별자치도,화천군,2019
강원특별자치도,화천군,2020
강원특별자치도,화천군,2021
강원특별자치도,화천군,2022
강원특별자치도,화천군,2023
강원특별자치도,화천군,2024
강원특별자치도,화천군,2025
강원특별자치도,횡성군,2008
강원특별자치도,횡성군,2009
강원특별자치도,횡성군,2010
강원특별자치도,횡성군,2011
강원특별자치도,횡성군,2012
강원특별자치도,횡성군,2013
강원특별자치도,횡성군,2014
강원특별자치도,횡성군,2015
강원특별자치도,횡성군,2016
강원특별자치도,횡성군,2017
강원특별자치도,횡성군,2018
강원특별자치도,횡성군,2019
강원특별자치도,횡성군,2020
강원특별자치도,횡성군,2021
강원특별자치도,횡성군,2022
강원특별자치도,횡성군,2023
강원특별자치도,횡성군,2024
강원특별자치도,횡성군,2025
경기도,가평군,2008
경기도,가평군,2009
경기도,가평군,2010
경기도,가평군,2011
경기도,가평군,2012
경기도,가평군,2013
경기도,가평군,2014
경기도,가평군,2015
경기도,가평군,2016
경기도,가평군,2017
경기도,가평군,2018
경기도,가평군,2019
경기도,가평군,2020
경기도,가평군,2021
경기도,가평군,2022
경기도,가평군,2023
경기도,가평군,2024
경기도,가평군,2025
경기도,고양시,2008
경기도,고양시,2009
경기도,고양시,2010
경기도,고양시,2011
경기도,고양시,2012
경기도,고양시,2013
경기도,고양시,2014
경기도,고양시,2015
경기도,고양시,2016
경기도,고양시,2017
경기도,고양시,2018
경기도,고양시,2019
경기도,고양시,2020
경기도,고양시,2021
경기도,고양시,2022
경기도,고양시,2023
경기도,고양시,2024
경기도,고양시,2025
경기도,과천시,2008
경기도,과천시,2009
경기도,과천시,2010
경기도,과천시,2011
경기도,과천시,2012
경기도,과천시,2013
경기도,과천시,2014
경기도,과천시,2015
경기도,과천시,2016
경기도,과천시,2017
경기도,과천시,2018
경기도,과천시,2019
경기도,과천시,2020
경기도,과천시,2021
경기도,과천시,2022
경기도,과천시,2023
경기도,과천시,2024
경기도,과천시,2025
경기도,광명시,2008
경기도,광명시,2009
경기도,광명시,2010
경기도,광명시,2011
경기도,광명시,2012
경기도,광명시,2013
경기도,광명시,2014
경기도,광명시,2015
경기도,광명시,2016
경기도,광명시,2017
경기도,광명시,2018
경기도,광명시,2019
경기도,광명시,2020
경기도,광명시,2021
경기도,광명시,2022
경기도,광명시,2023
경기도,광명시,2024
경기도,광명시,2025
경기도,광주시,2008
경기도,광주시,2009
경기도,광주시,2010
경기도,광주시,2011
경기도,광주시,2012
경기도,광주시,2013
경기도,광주시,2014
경기도,광주시,2015
경기도,광주시,2016
경기도,광주시,2017
경기도,광주시,2018
경기도,광주시,2019
경기도,광주시,2020
경기도,광주시,2021
경기도,광주시,2022
경기도,광주시,2023
경기도,광주시,2024
경기도,광주시,2025
경기도,구리시,2008
경기도,구리시,2009
경기도,구리시,2010
경기도,구리시,2011
경기도,구리시,2012
경기도,구리시,2013
경기도,구리시,2014
경기도,구리시,2015
경기도,구리시,2016
경기도,구리시,2017
경기도,구리시,2018
경기도,구리시,2019
경기도,구리시,2020
경기도,구리시,2021
경기도,구리시,2022
경기도,구리시,2023
경기도,구리시,2024
경기도,구리시,2025
경기도,군포시,2008
경기도,군포시,2009
경기도,군포시,2010
경기도,군포시,2011
경기도,군포시,2012
경기도,군포시,2013
경기도,군포시,2014
경기도,군포시,2015
경기도,군포시,2016
경기도,군포시,2017
경기도,군포시,2018
경기도,군포시,2019
경기도,군포시,2020
경기도,군포시,2021
경기도,군포시,2022
경기도,군포시,2023
경기도,군포시,2024
경기도,군포시,2025
경기도,김포시,2008
경기도,김포시,2009
경기도,김포시,2010
경기도,김포시,2011
경기도,김포시,2012
경기도,김포시,2013
경기도,김포시,2014
경기도,김포시,2015
경기도,김포시,2016
경기도,김포시,2017
경기도,김포시,2018
경기도,김포시,2019
경기도,김포시,2020
경기도,김포시,2021
경기도,김포시,2022
경기도,김포시,2023
경기도,김포시,2024
경기도,김포시,2025
경기도,남양주시,2008
경기도,남양주시,2009
경기도,남양주시,2010
경기도,남양주시,2011
경기도,남양주시,2012
경기도,남양주시,2013
경기도,남양주시,2014
경기도,남양주시,2015
경기도,남양주시,2016
경기도,남양주시,2017
경기도,남양주시,2018
경기도,남양주시,2019
경기도,남양주시,2020
경기도,남양주시,2021
경기도,남양주시,2022
경기도,남양주시,2023
경기도,남양주시,2024
경기도,남양주시,2025
경기도,동두천시,2008
경기도,동두천시,2009
경기도,동두천시,2010
경기도,동두천시,2011
경기도,동두천시,2012
경기도,동두천시,2013
경기도,동두천시,2014
경기도,동두천시,2015
경기도,동두천시,2016
경기도,동두천시,2017
경기도,동두천시,2018
경기도,동두천시,2019
경기도,동두천시,2020
경기도,동두천시,2021
경기도,동두천시,2022
경기도,동두천시,2023
경기도,동두천시,2024
경기도,동두천시,2025
경기도,부천시,2008
경기도,부천시,2009
경기도,부천시,2010
경기도,부천시,2011
경기도,부천시,2012
경기도,부천시,2013
경기도,부천시,2014
경기도,부천시,2015
경기도,부천시,2016
경기도,부천시,2017
경기도,부천시,2018
경기도,부천시,2019
경기도,부천시,2020
경기도,부천시,2021
경기도,부천시,2022
경기도,부천시,2023
경기도,부천시,2024
경기도,부천시,2025
경기도,성남시,2008
경기도,성남시,2009
경기도,성남시,2010
경기도,성남시,2011
경기도,성남시,2012
경기도,성남시,2013
경기도,성남시,2014
경기도,성남시,2015
경기도,성남시,2016
경기도,성남시,2017
경기도,성남시,2018
경기도,성남시,2019
경기도,성남시,2020
경기도,성남시,2021
경기도,성남시,2022
경기도,성남시,2023
경기도,성남시,2024
경기도,성남시,2025
경기도,송탄출장소,2020
경기도,송탄출장소,2021
경기도,송탄출장소,2022
경기도,송탄출장소,2023
경기도,송탄출장소,2024
경기도,송탄출장소,2025
경기도,수원시,2008
경기도,수원시,2009
경기도,수원시,2010
경기도,수원시,2011
경기도,수원시,2012
경기도,수원시,2013
경기도,수원시,2014
경기도,수원시,2015
경기도,수원시,2016
경기도,수원시,2017
경기도,수원시,2018
경기도,수원시,2019
경기도,수원시,2020
경기도,수원시,2021
경기도,수원시,2022
경기도,수원시,2023
경기도,수원시,2024
경기도,수원시,2025
경기도,시흥시,2008
경기도,시흥시,2009
경기도,시흥시,2010
경기도,시흥시,2011
경기도,시흥시,2012
경기도,시흥시,2013
경기도,시흥시,2014
경기도,시흥시,2015
경기도,시흥시,2016
경기도,시흥시,2017
경기도,시흥시,2018
경기도,시흥시,2019
경기도,시흥시,2020
경기도,시흥시,2021
경기도,시흥시,2022
경기도,시흥시,2023
경기도,시흥시,2024
경기도,시흥시,2025
경기도,안산시,2008
경기도,안산시,2009
경기도,안산시,2010
경기도,안산시,2011
경기도,안산시,2012
경기도,안산시,2013
경기도,안산시,2014
경기도,안산시,2015
경기도,안산시,2016
경기도,안산시,2017
경기도,안산시,2018
경기도,안산시,2019
경기도,안산시,2020
경기도,안산시,2021
경기도,안산시,2022
경기도,안산시,2023
경기도,안산시,2024
경기도,안산시,2025
경기도,안성시,2008
경기도,안성시,2009
경기도,안성시,2010
경기도,안성시,2011
경기도,안성시,2012
경기도,안성시,2013
경기도,안성시,2014
경기도,안성시,2015
경기도,안성시,2016
경기도,안성시,2017
경기도,안성시,2018
경기도,안성시,2019
경기도,안성시,2020
경기도,안성시,2021
경기도,안성시,2022
경기도,안성시,2023
경기도,안성시,2024
경기도,안성시,2025
경기도,안양시,2008
경기도,안양시,2009
경기도,안양시,2010
경기도,안양시,2011
경기도,안양시,2012
경기도,안양시,2013
경기도,안양시,2014
경기도,안양시,2015
경기도,안양시,2016
경기도,안양시,2017
경기도,안양시,2018
경기도,안양시,2019
경기도,안양시,2020
경기도,안양시,2021
경기도,안양시,2022
경기도,안양시,2023
경기도,안양시,2024
경기도,안양시,2025
경기도,안중출장소,2020
경기도,안중출장소,2021
경기도,안중출장소,2022
경기도,안중출장소,2023
경기도,안중출장소,2024
경기도,안중출장소,2025
경기도,양주시,2008
경기도,양주시,2009
경기도,양주시,2010
경기도,양주시,2011
경기도,양주시,2012
경기도,양주시,2013
경기도,양주시,2014
경기도,양주시,2015
경기도,양주시,2016
경기도,양주시,2017
경기도,양주시,2018
경기도,양주시,2019
경기도,양주시,2020
경기도,양주시,2021
경기도,양주시,2022
경기도,양주시,2023
경기도,양주시,2024
경기도,양주시,2025
경기도,양평군,2008
경기도,양평군,2009
경기도,양평군,2010
경기도,양평군,2011
경기도,양평군,2012
경기도,양평군,2013
경기도,양평군,2014
경기도,양평군,2015
경기도,양평군,2016
경기도,양평군,2017
경기도,양평군,2018
경기도,양평군,2019
경기도,양평군,2020
경기도,양평군,2021
경기도,양평군,2022
경기도,양평군,2023
경기도,양평군,2024
경기도,양평군,2025
경기도,여주군,2008
경기도,여주군,2009
경기도,여주군,2010
경기도,여주군,2011
경기도,여주군,2012
경기도,여주군,2013
경기도,여주시,2013
경기도,여주시,2014
경기도,여주시,2015
경기도,여주시,2016
경기도,여주시,2017
경기도,여주시,2018
경기도,여주시,2019
경기도,여주시,2020
경기도,여주시,2021
경기도,여주시,2022
경기도,여주시,2023
경기도,여주시,2024
경기도,여주시,2025
경기도,연천군,2008
경기도,연천군,2009
경기도,연천군,2010
경기도,연천군,2011
경기도,연천군,2012
경기도,연천군,2013
경기도,연천군,2014
경기도,연천군,2015
경기도,연천군,2016
경기도,연천군,2017
경기도,연천군,2018
경기도,연천군,2019
경기도,연천군,2020
경기도,연천군,2021
경기도,연천군,2022
경기도,연천군,2023
경기도,연천군,2024
경기도,연천군,2025
경기도,오산시,2008
경기도,오산시,2009
경기도,오산시,2010
경기도,오산시,2011
경기도,오산시,2012
경기도,오산시,2013
경기도,오산시,2014
경기도,오산시,2015
경기도,오산시,2016
경기도,오산시,2017
경기도,오산시,2018
경기도,오산시,2019
경기도,오산시,2020
경기도,오산시,2021
경기도,오산시,2022
경기도,오산시,2023
경기도,오산시,2024
경기도,오산시,2025
경기도,용인시,2008
경기도,용인시,2009
경기도,용인시,2010
경기도,용인시,2011
경기도,용인시,2012
경기도,용인시,2013
경기도,용인시,2014
경기도,용인시,2015
경기도,용인시,2016
경기도,용인시,2017
경기도,용인시,2018
경기도,용인시,2019
경기도,용인시,2020
경기도,용인시,2021
경기도,용인시,2022
경기도,용인시,2023
경기도,용인시,2024
경기도,용인시,2025
경기도,의왕시,2008
경기도,의왕시,2009
경기도,의왕시,2010
경기도,의왕시,2011
경기도,의왕시,2012
경기도,의왕시,2013
경기도,의왕시,2014
경기도,의왕시,2015
경기도,의왕시,2016
경기도,의왕시,2017
경기도,의왕시,2018
경기도,의왕시,2019
경기도,의왕시,2020
경기도,의왕시,2021
경기도,의왕시,2022
경기도,의왕시,2023
경기도,의왕시,2024
경기도,의왕시,2025
경기도,의정부시,2008
경기도,의정부시,2009
경기도,의정부시,2010
경기도,의정부시,2011
경기도,의정부시,2012
경기도,의정부시,2013
경기도,의정부시,2014
경기도,의정부시,2015
경기도,의정부시,2016
경기도,의정부시,2017
경기도,의정부시,2018
경기도,의정부시,2019
경기도,의정부시,2020
경기도,의정부시,2021
경기도,의정부시,2022
경기도,의정부시,2023
경기도,의정부시,2024
경기도,의정부시,2025
경기도,이천시,2008
경기도,이천시,2009
경기도,이천시,2010
경기도,이천시,2011
경기도,이천시,2012
경기도,이천시,2013
경기도,이천시,2014
경기도,이천시,2015
경기도,이천시,2016
경기도,이천시,2017
경기도,이천시,2018
경기도,이천시,2019
경기도,이천시,2020
경기도,이천시,2021
경기도,이천시,2022
경기도,이천시,2023
경기도,이천시,2024
경기도,이천시,2025
경기도,파주시,2008
경기도,파주시,2009
경기도,파주시,2010
경기도,파주시,2011
경기도,파주시,2012
경기도,파주시,2013
경기도,파주시,2014
경기도,파주시,2015
경기도,파주시,2016
경기도,파주시,2017
경기도,파주시,2018
경기도,파주시,2019
경기도,파주시,2020
경기도,파주시,2021
경기도,파주시,2022
경기도,파주시,2023
경기도,파주시,2024
경기도,파주시,2025
경기도,평택시,2008
경기도,평택시,2009
경기도,평택시,2010
경기도,평택시,2011
경기도,평택시,2012
경기도,평택시,2013
경기도,평택시,2014
경기도,평택시,2015
경기도,평택시,2016
경기도,평택시,2017
경기도,평택시,2018
경기도,평택시,2019
경기도,평택시,2020
경기도,평택시,2021
경기도,평택시,2022
경기도,평택시,2023
경기도,평택시,2024
경기도,평택시,2025
경기도,포천시,2008
경기도,포천시,2009
경기도,포천시,2010
경기도,포천시,2011
경기도,포천시,2012
경기도,포천시,2013
경기도,포천시,2014
경기도,포천시,2015
경기도,포천시,2016
경기도,포천시,2017
경기도,포천시,2018
경기도,포천시,2019
경기도,포천시,2020
경기도,포천시,2021
경기도,포천시,2022
경기도,포천시,2023
경기도,포천시,2024
경기도,포천시,2025
경기도,풍양출장소,2020
경기도,풍양출장소,2021
경기도,풍양출장소,2022
경기도,풍양출장소,2023
경기도,풍양출장소,2024
경기도,풍양출장소,2025
경기도,하남시,2008
경기도,하남시,2009
경기도,하남시,2010
경기도,하남시,2011
경기도,하남시,2012
경기도,하남시,2013
경기도,하남시,2014
경기도,하남시,2015
경기도,하남시,2016
경기도,하남시,2017
경기도,하남시,2018
경기도,하남시,2019
경기도,하남시,2020
경기도,하남시,2021
경기도,하남시,2022
경기도,하남시,2023
경기도,하남시,2024
경기도,하남시,2025
경기도,화성시,2008
경기도,화성시,2009
경기도,화성시,2010
경기도,화성시,2011
경기도,화성시,2012
경기도,화성시,2013
경기도,화성시,2014
경기도,화성시,2015
경기도,화성시,2016
경기도,화성시,2017
경기도,화성시,2018
경기도,화성시,2019
경기도,화성시,2020
경기도,화성시,2021
경기도,화성시,2022
경기도,화성시,2023
경기도,화성시,2024
경기도,화성시,2025
경기도,화성시동부출장소,2020
경기도,화성시동부출장소,2021
경기도,화성시동부출장소,2022
경기도,화성시동부출장소,2023
경기도,화성시동부출장소,2024
경기도,화성시동부출장소,2025
경기도,화성시동탄출장소,2020
경기도,화성시동탄출장소,2021
경기도,화성시동탄출장소,2022
경기도,화성시동탄출장소,2023
경기도,화성시동탄출장소,2024
경기도,화성시동탄출장소,2025
경상남도,거제시,2008
경상남도,거제시,2009
경상남도,거제시,2010
경상남도,거제시,2011
경상남도,거제시,2012
경상남도,거제시,2013
경상남도,거제시,2014
경상남도,거제시,2015
경상남도,거제시,2016
경상남도,거제시,2017
경상남도,거제시,2018
경상남도,거제시,2019
경상남도,거제시,2020
경상남도,거제시,2021
경상남도,거제시,2022
경상남도,거제시,2023
경상남도,거제시,2024
경상남도,거제시,2025
경상남도,거창군,2008
경상남도,거창군,2009
경상남도,거창군,2010
경상남도,거창군,2011
경상남도,거창군,2012
경상남도,거창군,2013
경상남도,거창군,2014
경상남도,거창군,2015
경상남도,거창군,2016
경상남도,거창군,2017
경상남도,거창군,2018
경상남도,거창군,2019
경상남도,거창군,2020
경상남도,거창군,2021
경상남도,거창군,2022
경상남도,거창군,2023
경상남도,거창군,2024
경상남도,거창군,2025
경상남도,고성군,2008
경상남도,고성군,2009
경상남도,고성군,2010
경상남도,고성군,2011
경상남도,고성군,2012
경상남도,고성군,2013
경상남도,고성군,2014
경상남도,고성군,2015
경상남도,고성군,2016
경상남도,고성군,2017
경상남도,고성군,2018
경상남도,고성군,2019
경상남도,고성군,2020
경상남도,고성군,2021
경상남도,고성군,2022
경상남도,고성군,2023
경상남도,고성군,2024
경상남도,고성군,2025
경상남도,김해시,2008
경상남도,김해시,2009
경상남도,김해시,2010
경상남도,김해시,2011
경상남도,김해시,2012
경상남도,김해시,2013
경상남도,김해시,2014
경상남도,김해시,2015
경상남도,김해시,2016
경상남도,김해시,2017
경상남도,김해시,2018
경상남도,김해시,2019
경상남도,김해시,2020
경상남도,김해시,2021
경상남도,김해시,2022
경상남도,김해시,2023
경상남도,김해시,2024
경상남도,김해시,2025
경상남도,남해군,2008
경상남도,남해군,2009
경상남도,남해군,2010
경상남도,남해군,2011
경상남도,남해군,2012
경상남도,남해군,2013
경상남도,남해군,2014
경상남도,남해군,2015
경상남도,남해군,2016
경상남도,남해군,2017
경상남도,남해군,2018
경상남도,남해군,2019
경상남도,남해군,2020
경상남도,남해군,2021
경상남도,남해군,2022
경상남도,남해군,2023
경상남도,남해군,2024
경상남도,남해군,2025
경상남도,마산시,2008
경상남도,마산시,2009
경상남도,밀양시,2008
경상남도,밀양시,2009
경상남도,밀양시,2010
경상남도,밀양시,2011
경상남도,밀양시,2012
경상남도,밀양시,2013
경상남도,밀양시,2014
경상남도,밀양시,2015
경상남도,밀양시,2016
경상남도,밀양시,2017
경상남도,밀양시,2018
경상남도,밀양시,2019
경상남도,밀양시,2020
경상남도,밀양시,2021
경상남도,밀양시,2022
경상남도,밀양시,2023
경상남도,밀양시,2024
경상남도,밀양시,2025
경상남도,사천남양출장소,2020
경상남도,사천남양출장소,2021
경상남도,사천남양출장소,2022
경상남도,사천남양출장소,2023
경상남도,사천남양출장소,2024
경상남도,사천남양출장소,2025
경상남도,사천시,2008
경상남도,사천시,2009
경상남도,사천시,2010
경상남도,사천시,2011
경상남도,사천시,2012
경상남도,사천시,2013
경상남도,사천시,2014
경상남도,사천시,2015
경상남도,사천시,2016
경상남도,사천시,2017
경상남도,사천시,2018
경상남도,사천시,2019
경상남도,사천시,2020
경상남도,사천시,2021
경상남도,사천시,2022
경상남도,사천시,2023
경상남도,사천시,2024
경상남도,사천시,2025
경상남도,산청군,2008
경상남도,산청군,2009
경상남도,산청군,2010
경상남도,산청군,2011
경상남도,산청군,2012
경상남도,산청군,2013
경상남도,산청군,2014
경상남도,산청군,2015
경상남도,산청군,2016
경상남도,산청군,2017
경상남도,산청군,2018
경상남도,산청군,2019
경상남도,산청군,2020
경상남도,산청군,2021
경상남도,산청군,2022
경상남도,산청군,2023
경상남도,산청군,2024
경상남도,산청군,2025
경상남도,양산시,2008
경상남도,양산시,2009
경상남도,양산시,2010
경상남도,양산시,2011
경상남도,양산시,2012
경상남도,양산시,2013
경상남도,양산시,2014
경상남도,양산시,2015
경상남도,양산시,2016
경상남도,양산시,2017
경상남도,양산시,2018
경상남도,양산시,2019
경상남도,양산시,2020
경상남도,양산시,2021
경상남도,양산시,2022
경상남도,양산시,2023
경상남도,양산시,2024
경상남도,양산시,2025
경상남도,양산시웅상출장소,2020
경상남도,양산시웅상출장소,2021
경상남도,양산시웅상출장소,2022
경상남도,양산시웅상출장소,2023
경상남도,양산시웅상출장소,2024
경상남도,양산시웅상출장소,2025
경상남도,의령군,2008
경상남도,의령군,2009
경상남도,의령군,2010
경상남도,의령군,2011
경상남도,의령군,2012
경상남도,의령군,2013
경상남도,의령군,2014
경상남도,의령군,2015
경상남도,의령군,2016
경상남도,의령군,2017
경상남도,의령군,2018
경상남도,의령군,2019
경상남도,의령군,2020
경상남도,의령군,2021
경상남도,의령군,2022
경상남도,의령군,2023
경상남도,의령군,2024
경상남도,의령군,2025
경상남도,장유출장소,2020
경상남도,장유출장소,2021
경상남도,장유출장소,2022
경상남도,장유출장소,2023
경상남도,장유출장소,2024
경상남도,장유출장소,2025
경상남도,진주시,2008
경상남도,진주시,2009
경상남도,진주시,2010
경상남도,진주시,2011
경상남도,진주시,2012
경상남도,진주시,2013
경상남도,진주시,2014
경상남도,진주시,2015
경상남도,진주시,2016
경상남도,진주시,2017
경상남도,진주시,2018
경상남도,진주시,2019
경상남도,진주시,2020
경상남도,진주시,2021
경상남도,진주시,2022
경상남도,진주시,2023
경상남도,진주시,2024
경상남도,진주시,2025
경상남도,진해시,2008
경상남도,진해시,2009
경상남도,창녕군,2008
경상남도,창녕군,2009
경상남도,창녕군,2010
경상남도,창녕군,2011
경상남도,창녕군,2012
경상남도,창녕군,2013
경상남도,창녕군,2014
경상남도,창녕군,2015
경상남도,창녕군,2016
경상남도,창녕군,2017
경상남도,창녕군,2018
경상남도,창녕군,2019
경상남도,창녕군,2020
경상남도,창녕군,2021
경상남도,창녕군,2022
경상남도,창녕군,2023
경상남도,창녕군,2024
경상남도,창녕군,2025
경상남도,창원시,2008
경상남도,창원시,2009
경상남도,창원시,2010
경상남도,창원시,2011
경상남도,창원시,2012
경상남도,창원시,2013
경상남도,창원시,2014
경상남도,창원시,2015
경상남도,창원시,2016
경상남도,창원시,2017
경상남도,창원시,2018
경상남도,창원시,2019
경상남도,창원시,2020
경상남도,창원시,2021
경상남도,창원시,2022
경상남도,창원시,2023
경상남도,창원시,2024
경상남도,창원시,2025
경상남도,통영시,2008
경상남도,통영시,2009
경상남도,통영시,2010
경상남도,통영시,2011
경상남도,통영시,2012
경상남도,통영시,2013
경상남도,통영시,2014
경상남도,통영시,2015
경상남도,통영시,2016
경상남도,통영시,2017
경상남도,통영시,2018
경상남도,통영시,2019
경상남도,통영시,2020
경상남도,통영시,2021
경상남도,통영시,2022
경상남도,통영시,2023
경상남도,통영시,2024
경상남도,통영시,2025
경상남도,하동군,2008
경상남도,하동군,2009
경상남도,하동군,2010
경상남도,하동군,2011
경상남도,하동군,2012
경상남도,하동군,2013
경상남도,하동군,2014
경상남도,하동군,2015
경상남도,하동군,2016
경상남도,하동군,2017
경상남도,하동군,2018
경상남도,하동군,2019
경상남도,하동군,2020
경상남도,하동군,2021
경상남도,하동군,2022
경상남도,하동군,2023
경상남도,하동군,2024
경상남도,하동군,2025
경상남도,함안군,2008
경상남도,함안군,2009
경상남도,함안군,2010
경상남도,함안군,2011
경상남도,함안군,2012
경상남도,함안군,2013
경상남도,함안군,2014
경상남도,함안군,2015
경상남도,함안군,2016
경상남도,함안군,2017
경상남도,함안군,2018
경상남도,함안군,2019
경상남도,함안군,2020
경상남도,함안군,2021
경상남도,함안군,2022
경상남도,함안군,2023
경상남도,함안군,2024
경상남도,함안군,2025
경상남도,함양군,2008
경상남도,함양군,2009
경상남도,함양군,2010
경상남도,함양군,2011
경상남도,함양군,2012
경상남도,함양군,2013
경상남도,함양군,2014
경상남도,함양군,2015
경상남도,함양군,2016
경상남도,함양군,2017
경상남도,함양군,2018
경상남도,함양군,2019
경상남도,함양군,2020
경상남도,함양군,2021
경상남도,함양군,2022
경상남도,함양군,2023
경상남도,함양군,2024
경상남도,함양군,2025
경상남도,합천군,2008
경상남도,합천군,2009
경상남도,합천군,2010
경상남도,합천군,2011
경상남도,합천군,2012
경상남도,합천군,2013
경상남도,합천군,2014
경상남도,합천군,2015
경상남도,합천군,2016
경상남도,합천군,2017
경상남도,합천군,2018
경상남도,합천군,2019
경상남도,합천군,2020
경상남도,합천군,2021
경상남도,합천군,2022
경상남도,합천군,2023
경상남도,합천군,2024
경상남도,합천군,2025
경상북도,경산시,2008
경상북도,경산시,2009
경상북도,경산시,2010
경상북도,경산시,2011
경상북도,경산시,2012
경상북도,경산시,2013
경상북도,경산시,2014
경상북도,경산시,2015
경상북도,경산시,2016
경상북도,경산시,2017
경상북도,경산시,2018
경상북도,경산시,2019
경상북도,경산시,2020
경상북도,경산시,2021
경상북도,경산시,2022
경상북도,경산시,2023
경상북도,경산시,2024
경상북도,경산시,2025
경상북도,경주시,2008
경상북도,경주시,2009
경상북도,경주시,2010
경상북도,경주시,2011
경상북도,경주시,2012
경상북도,경주시,2013
경상북도,경주시,2014
경상북도,경주시,2015
경상북도,경주시,2016
경상북도,경주시,2017
경상북도,경주시,2018
경상북도,경주시,2019
경상북도,경주시,2020
경상북도,경주시,2021
경상북도,경주시,2022
경상북도,경주시,2023
경상북도,경주시,2024
경상북도,경주시,2025
경상북도,고령군,2008
경상북도,고령군,2009
경상북도,고령군,2010
경상북도,고령군,2011
경상북도,고령군,2012
경상북도,고령군,2013
경상북도,고령군,2014
경상북도,고령군,2015
경상북도,고령군,2016
경상북도,고령군,2017
경상북도,고령군,2018
경상북도,고령군,2019
경상북도,고령군,2020
경상북도,고령군,2021
경상북도,고령군,2022
경상북도,고령군,2023
경상북도,고령군,2024
경상북도,고령군,2025
경상북도,구미시,2008
경상북도,구미시,2009
경상북도,구미시,2010
경상북도,구미시,2011
경상북도,구미시,2012
경상북도,구미시,2013
경상북도,구미시,2014
경상북도,구미시,2015
경상북도,구미시,2016
경상북도,구미시,2017
경상북도,구미시,2018
경상북도,구미시,2019
경상북도,구미시,2020
경상북도,구미시,2021
경상북도,구미시,2022
경상북도,구미시,2023
경상북도,구미시,2024
경상북도,구미시,2025
경상북도,군위군,2008
경상북도,군위군,2009
경상북도,군위군,2010
경상북도,군위군,2011
경상북도,군위군,2012
경상북도,군위군,2013
경상북도,군위군,2014
경상북도,군위군,2015
경상북도,군위군,2016
경상북도,군위군,2017
경상북도,군위군,2018
경상북도,군위군,2019
경상북도,군위군,2020
경상북도,군위군,2021
경상북도,군위군,2022
경상북도,군위군,2023
경상북도,김천시,2008
경상북도,김천시,2009
경상북도,김천시,2010
경상북도,김천시,2011
경상북도,김천시,2012
경상북도,김천시,2013
경상북도,김천시,2014
경상북도,김천시,2015
경상북도,김천시,2016
경상북도,김천시,2017
경상북도,김천시,2018
경상북도,김천시,2019
경상북도,김천시,2020
경상북도,김천시,2021
경상북도,김천시,2022
경상북도,김천시,2023
경상북도,김천시,2024
경상북도,김천시,2025
경상북도,문경시,2008
경상북도,문경시,2009
경상북도,문경시,2010
경상북도,문경시,2011
경상북도,문경시,2012
경상북도,문경시,2013
경상북도,문경시,2014
경상북도,문경시,2015
경상북도,문경시,2016
경상북도,문경시,2017
경상북도,문경시,2018
경상북도,문경시,2019
경상북도,문경시,2020
경상북도,문경시,2021
경상북도,문경시,2022
경상북도,문경시,2023
경상북도,문경시,2024
경상북도,문경시,2025
경상북도,봉화군,2008
경상북도,봉화군,2009
경상북도,봉화군,2010
경상북도,봉화군,2011
경상북도,봉화군,2012
경상북도,봉화군,2013
경상북도,봉화군,2014
경상북도,봉화군,2015
경상북도,봉화군,2016
경상북도,봉화군,2017
경상북도,봉화군,2018
경상북도,봉화군,2019
경상북도,봉화군,2020
경상북도,봉화군,2021
경상북도,봉화군,2022
경상북도,봉화군,2023
경상북도,봉화군,2024
경상북도,봉화군,2025
경상북도,상주시,2008
경상북도,상주시,2009
경상북도,상주시,2010
경상북도,상주시,2011
경상북도,상주시,2012
경상북도,상주시,2013
경상북도,상주시,2014
경상북도,상주시,2015
경상북도,상주시,2016
경상북도,상주시,2017
경상북도,상주시,2018
경상북도,상주시,2019
경상북도,상주시,2020
경상북도,상주시,2021
경상북도,상주시,2022
경상북도,상주시,2023
경상북도,상주시,2024
경상북도,상주시,2025
경상북도,성주군,2008
경상북도,성주군,2009
경상북도,성주군,2010
경상북도,성주군,2011
경상북도,성주군,2012
경상북도,성주군,2013
경상북도,성주군,2014
경상북도,성주군,2015
경상북도,성주군,2016
경상북도,성주군,2017
경상북도,성주군,2018
경상북도,성주군,2019
경상북도,성주군,2020
경상북도,성주군,2021
경상북도,성주군,2022
경상북도,성주군,2023
경상북도,성주군,2024
경상북도,성주군,2025
경상북도,안동시,2008
경상북도,안동시,2009
경상북도,안동시,2010
경상북도,안동시,2011
경상북도,안동시,2012
경상북도,안동시,2013
경상북도,안동시,2014
경상북도,안동시,2015
경상북도,안동시,2016
경상북도,안동시,2017
경상북도,안동시,2018
경상북도,안동시,2019
경상북도,안동시,2020
경상북도,안동시,2021
경상북도,안동시,2022
경상북도,안동시,2023
경상북도,안동시,2024
경상북도,안동시,2025
경상북도,영덕군,2008
경상북도,영덕군,2009
경상북도,영덕군,2010
경상북도,영덕군,2011
경상북도,영덕군,2012
경상북도,영덕군,2013
경상북도,영덕군,2014
경상북도,영덕군,2015
경상북도,영덕군,2016
경상북도,영덕군,2017
경상북도,영덕군,2018
경상북도,영덕군,2019
경상북도,영덕군,2020
경상북도,영덕군,2021
경상북도,영덕군,2022
경상북도,영덕군,2023
경상북도,영덕군,2024
경상북도,영덕군,2025
경상북도,영양군,2008
경상북도,영양군,2009
경상북도,영양군,2010
경상북도,영양군,2011
경상북도,영양군,2012
경상북도,영양군,2013
경상북도,영양군,2014
경상북도,영양군,2015
경상북도,영양군,2016
경상북도,영양군,2017
경상북도,영양군,2018
경상북도,영양군,2019
경상북도,영양군,2020
경상북도,영양군,2021
경상북도,영양군,2022
경상북도,영양군,2023
경상북도,영양군,2024
경상북도,영양군,2025
경상북도,영주시,2008
경상북도,영주시,2009
경상북도,영주시,2010
경상북도,영주시,2011
경상북도,영주시,2012
경상북도,영주시,2013
경상북도,영주시,2014
경상북도,영주시,2015
경상북도,영주시,2016
경상북도,영주시,2017
경상북도,영주시,2018
경상북도,영주시,2019
경상북도,영주시,2020
경상북도,영주시,2021
경상북도,영주시,2022
경상북도,영주시,2023
경상북도,영주시,2024
경상북도,영주시,2025
경상북도,영천시,2008
경상북도,영천시,2009
경상북도,영천시,2010
경상북도,영천시,2011
경상북도,영천시,2012
경상북도,영천시,2013
경상북도,영천시,2014
경상북도,영천시,2015
경상북도,영천시,2016
경상북도,영천시,2017
경상북도,영천시,2018
경상북도,영천시,2019
경상북도,영천시,2020
경상북도,영천시,2021
경상북도,영천시,2022
경상북도,영천시,2023
경상북도,영천시,2024
경상북도,영천시,2025
경상북도,예천군,2008
경상북도,예천군,2009
경상북도,예천군,2010
경상북도,예천군,2011
경상북도,예천군,2012
경상북도,예천군,2013
경상북도,예천군,2014
경상북도,예천군,2015
경상북도,예천군,2016
경상북도,예천군,2017
경상북도,예천군,2018
경상북도,예천군,2019
경상북도,예천군,2020
경상북도,예천군,2021
경상북도,예천군,2022
경상북도,예천군,2023
경상북도,예천군,2024
경상북도,예천군,2025
경상북도,울릉군,2008
경상북도,울릉군,2009
경상북도,울릉군,2010
경상북도,울릉군,2011
경상북도,울릉군,2012
경상북도,울릉군,2013
경상북도,울릉군,2014
경상북도,울릉군,2015
경상북도,울릉군,2016
경상북도,울릉군,2017
경상북도,울릉군,2018
경상북도,울릉군,2019
경상북도,울릉군,2020
경상북도,울릉군,2021
경상북도,울릉군,2022
경상북도,울릉군,2023
경상북도,울릉군,2024
경상북도,울릉군,2025
경상북도,울진군,2008
경상북도,울진군,2009
경상북도,울진군,2010
경상북도,울진군,2011
경상북도,울진군,2012
경상북도,울진군,2013
경상북도,울진군,2014
경상북도,울진군,2015
경상북도,울진군,2016
경상북도,울진군,2017
경상북도,울진군,2018
경상북도,울진군,2019
경상북도,울진군,2020
경상북도,울진군,2021
경상북도,울진군,2022
경상북도,울진군,2023
경상북도,울진군,2024
경상북도,울진군,2025
경상북도,의성군,2008
경상북도,의성군,2009
경상북도,의성군,2010
경상북도,의성군,2011
경상북도,의성군,2012
경상북도,의성군,2013
경상북도,의성군,2014
경상북도,의성군,2015
경상북도,의성군,2016
경상북도,의성군,2017
경상북도,의성군,2018
경상북도,의성군,2019
경상북도,의성군,2020
경상북도,의성군,2021
경상북도,의성군,2022
경상북도,의성군,2023
경상북도,의성군,2024
경상북도,의성군,2025
경상북도,청도군,2008
경상북도,청도군,2009
경상북도,청도군,2010
경상북도,청도군,2011
경상북도,청도군,2012
경상북도,청도군,2013
경상북도,청도군,2014
경상북도,청도군,2015
경상북도,청도군,2016
경상북도,청도군,2017
경상북도,청도군,2018
경상북도,청도군,2019
경상북도,청도군,2020
경상북도,청도군,2021
경상북도,청도군,2022
경상북도,청도군,2023
경상북도,청도군,2024
경상북도,청도군,2025
경상북도,청송군,2008
경상북도,청송군,2009
경상북도,청송군,2010
경상북도,청송군,2011
경상북도,청송군,2012
경상북도,청송군,2013
경상북도,청송군,2014
경상북도,청송군,2015
경상북도,청송군,2016
경상북도,청송군,2017
경상북도,청송군,2018
경상북도,청송군,2019
경상북도,청송군,2020
경상북도,청송군,2021
경상북도,청송군,2022
경상북도,청송군,2023
경상북도,청송군,2024
경상북도,청송군,2025
경상북도,칠곡군,2008
경상북도,칠곡군,2009
경상북도,칠곡군,2010
경상북도,칠곡군,2011
경상북도,칠곡군,2012
경상북도,칠곡군,2013
경상북도,칠곡군,2014
경상북도,칠곡군,2015
경상북도,칠곡군,2016
경상북도,칠곡군,2017
경상북도,칠곡군,2018
경상북도,칠곡군,2019
경상북도,칠곡군,2020
경상북도,칠곡군,2021
경상북도,칠곡군,2022
경상북도,칠곡군,2023
경상북도,칠곡군,2024
경상북도,칠곡군,2025
경상북도,포항시,2008
경상북도,포항시,2009
경상북도,포항시,2010
경상북도,포항시,2011
경상북도,포항시,2012
경상북도,포항시,2013
경상북도,포항시,2014
경상북도,포항시,2015
경상북도,포항시,2016
경상북도,포항시,2017
경상북도,포항시,2018
경상북도,포항시,2019
경상북도,포항시,2020
경상북도,포항시,2021
경상북도,포항시,2022
경상북도,포항시,2023
경상북도,포항시,2024
경상북도,포항시,2025
광주광역시,광산구,2008
광주광역시,광산구,2009
광주광역시,광산구,2010
광주광역시,광산구,2011
광주광역시,광산구,2012
광주광역시,광산구,2013
광주광역시,광산구,2014
광주광역시,광산구,2015
광주광역시,광산구,2016
광주광역시,광산구,2017
광주광역시,광산구,2018
광주광역시,광산구,2019
광주광역시,광산구,2020
광주광역시,광산구,2021
광주광역시,광산구,2022
광주광역시,광산구,2023
광주광역시,광산구,2024
광주광역시,광산구,2025
광주광역시,남구,2008
광주광역시,남구,2009
광주광역시,남구,2010
광주광역시,남구,2011
광주광역시,남구,2012
광주광역시,남구,2013
광주광역시,남구,2014
광주광역시,남구,2015
광주광역시,남구,2016
광주광역시,남구,2017
광주광역시,남구,2018
광주광역시,남구,2019
광주광역시,남구,2020
광주광역시,남구,2021
광주광역시,남구,2022
광주광역시,남구,2023
광주광역시,남구,2024
광주광역시,남구,2025
광주광역시,동구,2008
광주광역시,동구,2009
광주광역시,동구,2010
광주광역시,동구,2011
광주광역시,동구,2012
광주광역시,동구,2013
광주광역시,동구,2014
광주광역시,동구,2015
광주광역시,동구,2016
광주광역시,동구,2017
광주광역시,동구,2018
광주광역시,동구,2019
광주광역시,동구,2020
광주광역시,동구,2021
광주광역시,동구,2022
광주광역시,동구,2023
광주광역시,동구,2024
광주광역시,동구,2025
광주광역시,북구,2008
광주광역시,북구,2009
광주광역시,북구,2010
광주광역시,북구,2011
광주광역시,북구,2012
광주광역시,북구,2013
광주광역시,북구,2014
광주광역시,북구,2015
광주광역시,북구,2016
광주광역시,북구,2017
광주광역시,북구,2018
광주광역시,북구,2019
광주광역시,북구,2020
광주광역시,북구,2021
광주광역시,북구,2022
광주광역시,북구,2023
광주광역시,북구,2024
광주광역시,북구,2025
광주광역시,서구,2008
광주광역시,서구,2009
광주광역시,서구,2010
광주광역시,서구,2011
광주광역시,서구,2012
광주광역시,서구,2013
광주광역시,서구,2014
광주광역시,서구,2015
광주광역시,서구,2016
광주광역시,서구,2017
광주광역시,서구,2018
광주광역시,서구,2019
광주광역시,서구,2020
광주광역시,서구,2021
광주광역시,서구,2022
광주광역시,서구,2023
광주광역시,서구,2024
광주광역시,서구,2025
대구광역시,군위군,2023
대구광역시,군위군,2024
대구광역시,군위군,2025
대구광역시,남구,2008
대구광역시,남구,2009
대구광역시,남구,2010
대구광역시,남구,2011
대구광역시,남구,2012
대구광역시,남구,2013
대구광역시,남구,2014
대구광역시,남구,2015
대구광역시,남구,2016
대구광역시,남구,2017
대구광역시,남구,2018
대구광역시,남구,2019
대구광역시,남구,2020
대구광역시,남구,2021
대구광역시,남구,2022
대구광역시,남구,2023
대구광역시,남구,2024
대구광역시,남구,2025
대구광역시,달서구,2008
대구광역시,달서구,2009
대구광역시,달서구,2010
대구광역시,달서구,2011
대구광역시,달서구,2012
대구광역시,달서구,2013
대구광역시,달서구,2014
대구광역시,달서구,2015
대구광역시,달서구,2016
대구광역시,달서구,2017
대구광역시,달서구,2018
대구광역시,달서구,2019
대구광역시,달서구,2020
대구광역시,달서구,2021
대구광역시,달서구,2022
대구광역시,달서구,2023
대구광역시,달서구,2024
대구광역시,달서구,2025
대구광역시,달성군,2008
대구광역시,달성군,2009
대구광역시,달성군,2010
대구광역시,달성군,2011
대구광역시,달성군,2012
대구광역시,달성군,2013
대구광역시,달성군,2014
대구광역시,달성군,2015
대구광역시,달성군,2016
대구광역시,달성군,2017
대구광역시,달성군,2018
대구광역시,달성군,2019
대구광역시,달성군,2020
대구광역시,달성군,2021
대구광역시,달성군,2022
대구광역시,달성군,2023
대구광역시,달성군,2024
대구광역시,달성군,2025
대구광역시,동구,2008
대구광역시,동구,2009
대구광역시,동구,2010
대구광역시,동구,2011
대구광역시,동구,2012
대구광역시,동구,2013
대구광역시,동구,2014
대구광역시,동구,2015
대구광역시,동구,2016
대구광역시,동구,2017
대구광역시,동구,2018
대구광역시,동구,2019
대구광역시,동구,2020
대구광역시,동구,2021
대구광역시,동구,2022
대구광역시,동구,2023
대구광역시,동구,2024
대구광역시,동구,2025
대구광역시,북구,2008
대구광역시,북구,2009
대구광역시,북구,2010
대구광역시,북구,2011
대구광역시,북구,2012
대구광역시,북구,2013
대구광역시,북구,2014
대구광역시,북구,2015
대구광역시,북구,2016
대구광역시,북구,2017
대구광역시,북구,2018
대구광역시,북구,2019
대구광역시,북구,2020
대구광역시,북구,2021
대구광역시,북구,2022
대구광역시,북구,2023
대구광역시,북구,2024
대구광역시,북구,2025
대구광역시,서구,2008
대구광역시,서구,2009
대구광역시,서구,2010
대구광역시,서구,2011
대구광역시,서구,2012
대구광역시,서구,2013
대구광역시,서구,2014
대구광역시,서구,2015
대구광역시,서구,2016
대구광역시,서구,2017
대구광역시,서구,2018
대구광역시,서구,2019
대구광역시,서구,2020
대구광역시,서구,2021
대구광역시,서구,2022
대구광역시,서구,2023
대구광역시,서구,2024
대구광역시,서구,2025
대구광역시,수성구,2008
대구광역시,수성구,2009
대구광역시,수성구,2010
대구광역시,수성구,2011
대구광역시,수성구,2012
대구광역시,수성구,2013
대구광역시,수성구,2014
대구광역시,수성구,2015
대구광역시,수성구,2016
대구광역시,수성구,2017
대구광역시,수성구,2018
대구광역시,수성구,2019
대구광역시,수성구,2020
대구광역시,수성구,2021
대구광역시,수성구,2022
대구광역시,수성구,2023
대구광역시,수성구,2024
대구광역시,수성구,2025
대구광역시,중구,2008
대구광역시,중구,2009
대구광역시,중구,2010
대구광역시,중구,2011
대구광역시,중구,2012
대구광역시,중구,2013
대구광역시,중구,2014
대구광역시,중구,2015
대구광역시,중구,2016
대구광역시,중구,2017
대구광역시,중구,2018
대구광역시,중구,2019
대구광역시,중구,2020
대구광역시,중구,2021
대구광역시,중구,2022
대구광역시,중구,2023
대구광역시,중구,2024
대구광역시,중구,2025
대전광역시,대덕구,2008
대전광역시,대덕구,2009
대전광역시,대덕구,2010
대전광역시,대덕구,2011
대전광역시,대덕구,2012
대전광역시,대덕구,2013
대전광역시,대덕구,2014
대전광역시,대덕구,2015
대전광역시,대덕구,2016
대전광역시,대덕구,2017
대전광역시,대덕구,2018
대전광역시,대덕구,2019
대전광역시,대덕구,2020
대전광역시,대덕구,2021
대전광역시,대덕구,2022
대전광역시,대덕구,2023
대전광역시,대덕구,2024
대전광역시,대덕구,2025
대전광역시,동구,2008
대전광역시,동구,2009
대전광역시,동구,2010
대전광역시,동구,2011
대전광역시,동구,2012
대전광역시,동구,2013
대전광역시,동구,2014
대전광역시,동구,2015
대전광역시,동구,2016
대전광역시,동구,2017
대전광역시,동구,2018
대전광역시,동구,2019
대전광역시,동구,2020
대전광역시,동구,2021
대전광역시,동구,2022
대전광역시,동구,2023
대전광역시,동구,2024
대전광역시,동구,2025
대전광역시,서구,2008
대전광역시,서구,2009
대전광역시,서구,2010
대전광역시,서구,2011
대전광역시,서구,2012
대전광역시,서구,2013
대전광역시,서구,2014
대전광역시,서구,2015
대전광역시,서구,2016
대전광역시,서구,2017
대전광역시,서구,2018
대전광역시,서구,2019
대전광역시,서구,2020
대전광역시,서구,2021
대전광역시,서구,2022
대전광역시,서구,2023
대전광역시,서구,2024
대전광역시,서구,2025
대전광역시,유성구,2008
대전광역시,유성구,2009
대전광역시,유성구,2010
대전광역시,유성구,2011
대전광역시,유성구,2012
대전광역시,유성구,2013
대전광역시,유성구,2014
대전광역시,유성구,2015
대전광역시,유성구,2016
대전광역시,유성구,2017
대전광역시,유성구,2018
대전광역시,유성구,2019
대전광역시,유성구,2020
대전광역시,유성구,2021
대전광역시,유성구,2022
대전광역시,유성구,2023
대전광역시,유성구,2024
대전광역시,유성구,2025
대전광역시,중구,2008
대전광역시,중구,2009
대전광역시,중구,2010
대전광역시,중구,2011
대전광역시,중구,2012
대전광역시,중구,2013
대전광역시,중구,2014
대전광역시,중구,2015
대전광역시,중구,2016
대전광역시,중구,2017
대전광역시,중구,2018
대전광역시,중구,2019
대전광역시,중구,2020
대전광역시,중구,2021
대전광역시,중구,2022
대전광역시,중구,2023
대전광역시,중구,2024
대전광역시,중구,2025
부산광역시,강서구,2008
부산광역시,강서구,2009
부산광역시,강서구,2010
부산광역시,강서구,2011
부산광역시,강서구,2012
부산광역시,강서구,2013
부산광역시,강서구,2014
부산광역시,강서구,2015
부산광역시,강서구,2016
부산광역시,강서구,2017
부산광역시,강서구,2018
부산광역시,강서구,2019
부산광역시,강서구,2020
부산광역시,강서구,2021
부산광역시,강서구,2022
부산광역시,강서구,2023
부산광역시,강서구,2024
부산광역시,강서구,2025
부산광역시,금정구,2008
부산광역시,금정구,2009
부산광역시,금정구,2010
부산광역시,금정구,2011
부산광역시,금정구,2012
부산광역시,금정구,2013
부산광역시,금정구,2014
부산광역시,금정구,2015
부산광역시,금정구,2016
부산광역시,금정구,2017
부산광역시,금정구,2018
부산광역시,금정구,2019
부산광역시,금정구,2020
부산광역시,금정구,2021
부산광역시,금정구,2022
부산광역시,금정구,2023
부산광역시,금정구,2024
부산광역시,금정구,2025
부산광역시,기장군,2008
부산광역시,기장군,2009
부산광역시,기장군,2010
부산광역시,기장군,2011
부산광역시,기장군,2012
부산광역시,기장군,2013
부산광역시,기장군,2014
부산광역시,기장군,2015
부산광역시,기장군,2016
부산광역시,기장군,2017
부산광역시,기장군,2018
부산광역시,기장군,2019
부산광역시,기장군,2020
부산광역시,기장군,2021
부산광역시,기장군,2022
부산광역시,기장군,2023
부산광역시,기장군,2024
부산광역시,기장군,2025
부산광역시,남구,2008
부산광역시,남구,2009
부산광역시,남구,2010
부산광역시,남구,2011
부산광역시,남구,2012
부산광역시,남구,2013
부산광역시,남구,2014
부산광역시,남구,2015
부산광역시,남구,2016
부산광역시,남구,2017
부산광역시,남구,2018
부산광역시,남구,2019
부산광역시,남구,2020
부산광역시,남구,2021
부산광역시,남구,2022
부산광역시,남구,2023
부산광역시,남구,2024
부산광역시,남구,2025
부산광역시,동구,2008
부산광역시,동구,2009
부산광역시,동구,2010
부산광역시,동구,2011
부산광역시,동구,2012
부산광역시,동구,2013
부산광역시,동구,2014
부산광역시,동구,2015
부산광역시,동구,2016
부산광역시,동구,2017
부산광역시,동구,2018
부산광역시,동구,2019
부산광역시,동구,2020
부산광역시,동구,2021
부산광역시,동구,2022
부산광역시,동구,2023
부산광역시,동구,2024
부산광역시,동구,2025
부산광역시,동래구,2008
부산광역시,동래구,2009
부산광역시,동래구,2010
부산광역시,동래구,2011
부산광역시,동래구,2012
부산광역시,동래구,2013
부산광역시,동래구,2014
부산광역시,동래구,2015
부산광역시,동래구,2016
부산광역시,동래구,2017
부산광역시,동래구,2018
부산광역시,동래구,2019
부산광역시,동래구,2020
부산광역시,동래구,2021
부산광역시,동래구,2022
부산광역시,동래구,2023
부산광역시,동래구,2024
부산광역시,동래구,2025
부산광역시,부산진구,2008
부산광역시,부산진구,2009
부산광역시,부산진구,2010
부산광역시,부산진구,2011
부산광역시,부산진구,2012
부산광역시,부산진구,2013
부산광역시,부산진구,2014
부산광역시,부산진구,2015
부산광역시,부산진구,2016
부산광역시,부산진구,2017
부산광역시,부산진구,2018
부산광역시,부산진구,2019
부산광역시,부산진구,2020
부산광역시,부산진구,2021
부산광역시,부산진구,2022
부산광역시,부산진구,2023
부산광역시,부산진구,2024
부산광역시,부산진구,2025
부산광역시,북구,2008
부산광역시,북구,2009
부산광역시,북구,2010
부산광역시,북구,2011
부산광역시,북구,2012
부산광역시,북구,2013
부산광역시,북구,2014
부산광역시,북구,2015
부산광역시,북구,2016
부산광역시,북구,2017
부산광역시,북구,2018
부산광역시,북구,2019
부산광역시,북구,2020
부산광역시,북구,2021
부산광역시,북구,2022
부산광역시,북구,2023
부산광역시,북구,2024
부산광역시,북구,2025
부산광역시,사상구,2008
부산광역시,사상구,2009
부산광역시,사상구,2010
부산광역시,사상구,2011
부산광역시,사상구,2012
부산광역시,사상구,2013
부산광역시,사상구,2014
부산광역시,사상구,2015
부산광역시,사상구,2016
부산광역시,사상구,2017
부산광역시,사상구,2018
부산광역시,사상구,2019
부산광역시,사상구,2020
부산광역시,사상구,2021
부산광역시,사상구,2022
부산광역시,사상구,2023
부산광역시,사상구,2024
부산광역시,사상구,2025
부산광역시,사하구,2008
부산광역시,사하구,2009
부산광역시,사하구,2010
부산광역시,사하구,2011
부산광역시,사하구,2012
부산광역시,사하구,2013
부산광역시,사하구,2014
부산광역시,사하구,2015
부산광역시,사하구,2016
부산광역시,사하구,2017
부산광역시,사하구,2018
부산광역시,사하구,2019
부산광역시,사하구,2020
부산광역시,사하구,2021
부산광역시,사하구,2022
부산광역시,사하구,2023
부산광역시,사하구,2024
부산광역시,사하구,2025
부산광역시,서구,2008
부산광역시,서구,2009
부산광역시,서구,2010
부산광역시,서구,2011
부산광역시,서구,2012
부산광역시,서구,2013
부산광역시,서구,2014
부산광역시,서구,2015
부산광역시,서구,2016
부산광역시,서구,2017
부산광역시,서구,2018
부산광역시,서구,2019
부산광역시,서구,2020
부산광역시,서구,2021
부산광역시,서구,2022
부산광역시,서구,2023
부산광역시,서구,2024
부산광역시,서구,2025
부산광역시,수영구,2008
부산광역시,수영구,2009
부산광역시,수영구,2010
부산광역시,수영구,2011
부산광역시,수영구,2012
부산광역시,수영구,2013
부산광역시,수영구,2014
부산광역시,수영구,2015
부산광역시,수영구,2016
부산광역시,수영구,2017
부산광역시,수영구,2018
부산광역시,수영구,2019
부산광역시,수영구,2020
부산광역시,수영구,2021
부산광역시,수영구,2022
부산광역시,수영구,2023
부산광역시,수영구,2024
부산광역시,수영구,2025
부산광역시,연제구,2008
부산광역시,연제구,2009
부산광역시,연제구,2010
부산광역시,연제구,2011
부산광역시,연제구,2012
부산광역시,연제구,2013
부산광역시,연제구,2014
부산광역시,연제구,2015
부산광역시,연제구,2016
부산광역시,연제구,2017
부산광역시,연제구,2018
부산광역시,연제구,2019
부산광역시,연제구,2020
부산광역시,연제구,2021
부산광역시,연제구,2022
부산광역시,연제구,2023
부산광역시,연제구,2024
부산광역시,연제구,2025
부산광역시,영도구,2008
부산광역시,영도구,2009
부산광역시,영도구,2010
부산광역시,영도구,2011
부산광역시,영도구,2012
부산광역시,영도구,2013
부산광역시,영도구,2014
부산광역시,영도구,2015
부산광역시,영도구,2016
부산광역시,영도구,2017
부산광역시,영도구,2018
부산광역시,영도구,2019
부산광역시,영도구,2020
부산광역시,영도구,2021
부산광역시,영도구,2022
부산광역시,영도구,2023
부산광역시,영도구,2024
부산광역시,영도구,2025
부산광역시,중구,2008
부산광역시,중구,2009
부산광역시,중구,2010
부산광역시,중구,2011
부산광역시,중구,2012
부산광역시,중구,2013
부산광역시,중구,2014
부산광역시,중구,2015
부산광역시,중구,2016
부산광역시,중구,2017
부산광역시,중구,2018
부산광역시,중구,2019
부산광역시,중구,2020
부산광역시,중구,2021
부산광역시,중구,2022
부산광역시,중구,2023
부산광역시,중구,2024
부산광역시,중구,2025
부산광역시,해운대구,2008
부산광역시,해운대구,2009
부산광역시,해운대구,2010
부산광역시,해운대구,2011
부산광역시,해운대구,2012
부산광역시,해운대구,2013
부산광역시,해운대구,2014
부산광역시,해운대구,2015
부산광역시,해운대구,2016
부산광역시,해운대구,2017
부산광역시,해운대구,2018
부산광역시,해운대구,2019
부산광역시,해운대구,2020
부산광역시,해운대구,2021
부산광역시,해운대구,2022
부산광역시,해운대구,2023
부산광역시,해운대구,2024
부산광역시,해운대구,2025
서울특별시,강남구,2008
서울특별시,강남구,2009
서울특별시,강남구,2010
서울특별시,강남구,2011
서울특별시,강남구,2012
서울특별시,강남구,2013
서울특별시,강남구,2014
서울특별시,강남구,2015
서울특별시,강남구,2016
서울특별시,강남구,2017
서울특별시,강남구,2018
서울특별시,강남구,2019
서울특별시,강남구,2020
서울특별시,강남구,2021
서울특별시,강남구,2022
서울특별시,강남구,2023
서울특별시,강남구,2024
서울특별시,강남구,2025
서울특별시,강동구,2008
서울특별시,강동구,2009
서울특별시,강동구,2010
서울특별시,강동구,2011
서울특별시,강동구,2012
서울특별시,강동구,2013
서울특별시,강동구,2014
서울특별시,강동구,2015
서울특별시,강동구,2016
서울특별시,강동구,2017
서울특별시,강동구,2018
서울특별시,강동구,2019
서울특별시,강동구,2020
서울특별시,강동구,2021
서울특별시,강동구,2022
서울특별시,강동구,2023
서울특별시,강동구,2024
서울특별시,강동구,2025
서울특별시,강북구,2008
서울특별시,강북구,2009
서울특별시,강북구,2010
서울특별시,강북구,2011
서울특별시,강북구,2012
서울특별시,강북구,2013
서울특별시,강북구,2014
서울특별시,강북구,2015
서울특별시,강북구,2016
서울특별시,강북구,2017
서울특별시,강북구,2018
서울특별시,강북구,2019
서울특별시,강북구,2020
서울특별시,강북구,2021
서울특별시,강북구,2022
서울특별시,강북구,2023
서울특별시,강북구,2024
서울특별시,강북구,2025
서울특별시,강서구,2008
서울특별시,강서구,2009
서울특별시,강서구,2010
서울특별시,강서구,2011
서울특별시,강서구,2012
서울특별시,강서구,2013
서울특별시,강서구,2014
서울특별시,강서구,2015
서울특별시,강서구,2016
서울특별시,강서구,2017
서울특별시,강서구,2018
서울특별시,강서구,2019
서울특별시,강서구,2020
서울특별시,강서구,2021
서울특별시,강서구,2022
서울특별시,강서구,2023
서울특별시,강서구,2024
서울특별시,강서구,2025
서울특별시,관악구,2008
서울특별시,관악구,2009
서울특별시,관악구,2010
서울특별시,관악구,2011
서울특별시,관악구,2012
서울특별시,관악구,2013
서울특별시,관악구,2014
서울특별시,관악구,2015
서울특별시,관악구,2016
서울특별시,관악구,2017
서울특별시,관악구,2018
서울특별시,관악구,2019
서울특별시,관악구,2020
서울특별시,관악구,2021
서울특별시,관악구,2022
서울특별시,관악구,2023
서울특별시,관악구,2024
서울특별시,관악구,2025
서울특별시,광진구,2008
서울특별시,광진구,2009
서울특별시,광진구,2010
서울특별시,광진구,2011
서울특별시,광진구,2012
서울특별시,광진구,2013
서울특별시,광진구,2014
서울특별시,광진구,2015
서울특별시,광진구,2016
서울특별시,광진구,2017
서울특별시,광진구,2018
서울특별시,광진구,2019
서울특별시,광진구,2020
서울특별시,광진구,2021
서울특별시,광진구,2022
서울특별시,광진구,2023
서울특별시,광진구,2024
서울특별시,광진구,2025
서울특별시,구로구,2008
서울특별시,구로구,2009
서울특별시,구로구,2010
서울특별시,구로구,2011
서울특별시,구로구,2012
서울특별시,구로구,2013
서울특별시,구로구,2014
서울특별시,구로구,2015
서울특별시,구로구,2016
서울특별시,구로구,2017
서울특별시,구로구,2018
서울특별시,구로구,2019
서울특별시,구로구,2020
서울특별시,구로구,2021
서울특별시,구로구,2022
서울특별시,구로구,2023
서울특별시,구로구,2024
서울특별시,구로구,2025
서울특별시,금천구,2008
서울특별시,금천구,2009
서울특별시,금천구,2010
서울특별시,금천구,2011
서울특별시,금천구,2012
서울특별시,금천구,2013
서울특별시,금천구,2014
서울특별시,금천구,2015
서울특별시,금천구,2016
서울특별시,금천구,2017
서울특별시,금천구,2018
서울특별시,금천구,2019
서울특별시,금천구,2020
서울특별시,금천구,2021
서울특별시,금천구,2022
서울특별시,금천구,2023
서울특별시,금천구,2024
서울특별시,금천구,2025
서울특별시,노원구,2008
서울특별시,노원구,2009
서울특별시,노원구,2010
서울특별시,노원구,2011
서울특별시,노원구,2012
서울특별시,노원구,2013
서울특별시,노원구,2014
서울특별시,노원구,2015
서울특별시,노원구,2016
서울특별시,노원구,2017
서울특별시,노원구,2018
서울특별시,노원구,2019
서울특별시,노원구,2020
서울특별시,노원구,2021
서울특별시,노원구,2022
서울특별시,노원구,2023
서울특별시,노원구,2024
서울특별시,노원구,2025
서울특별시,도봉구,2008
서울특별시,도봉구,2009
서울특별시,도봉구,2010
서울특별시,도봉구,2011
서울특별시,도봉구,2012
서울특별시,도봉구,2013
서울특별시,도봉구,2014
서울특별시,도봉구,2015
서울특별시,도봉구,2016
서울특별시,도봉구,2017
서울특별시,도봉구,2018
서울특별시,도봉구,2019
서울특별시,도봉구,2020
서울특별시,도봉구,2021
서울특별시,도봉구,2022
서울특별시,도봉구,2023
서울특별시,도봉구,2024
서울특별시,도봉구,2025
서울특별시,동대문구,2008
서울특별시,동대문구,2009
서울특별시,동대문구,2010
서울특별시,동대문구,2011
서울특별시,동대문구,2012
서울특별시,동대문구,2013
서울특별시,동대문구,2014
서울특별시,동대문구,2015
서울특별시,동대문구,2016
서울특별시,동대문구,2017
서울특별시,동대문구,2018
서울특별시,동대문구,2019
서울특별시,동대문구,2020
서울특별시,동대문구,2021
서울특별시,동대문구,2022
서울특별시,동대문구,2023
서울특별시,동대문구,2024
서울특별시,동대문구,2025
서울특별시,동작구,2008
서울특별시,동작구,2009
서울특별시,동작구,2010
서울특별시,동작구,2011
서울특별시,동작구,2012
서울특별시,동작구,2013
서울특별시,동작구,2014
서울특별시,동작구,2015
서울특별시,동작구,2016
서울특별시,동작구,2017
서울특별시,동작구,2018
서울특별시,동작구,2019
서울특별시,동작구,2020
서울특별시,동작구,2021
서울특별시,동작구,2022
서울특별시,동작구,2023
서울특별시,동작구,2024
서울특별시,동작구,2025
서울특별시,마포구,2008
서울특별시,마포구,2009
서울특별시,마포구,2010
서울특별시,마포구,2011
서울특별시,마포구,2012
서울특별시,마포구,2013
서울특별시,마포구,2014
서울특별시,마포구,2015
서울특별시,마포구,2016
서울특별시,마포구,2017
서울특별시,마포구,2018
서울특별시,마포구,2019
서울특별시,마포구,2020
서울특별시,마포구,2021
서울특별시,마포구,2022
서울특별시,마포구,2023
서울특별시,마포구,2024
서울특별시,마포구,2025
서울특별시,서대문구,2008
서울특별시,서대문구,2009
서울특별시,서대문구,2010
서울특별시,서대문구,2011
서울특별시,서대문구,2012
서울특별시,서대문구,2013
서울특별시,서대문구,2014
서울특별시,서대문구,2015
서울특별시,서대문구,2016
서울특별시,서대문구,2017
서울특별시,서대문구,2018
서울특별시,서대문구,2019
서울특별시,서대문구,2020
서울특별시,서대문구,2021
서울특별시,서대문구,2022
서울특별시,서대문구,2023
서울특별시,서대문구,2024
서울특별시,서대문구,2025
서울특별시,서초구,2008
서울특별시,서초구,2009
서울특별시,서초구,2010
서울특별시,서초구,2011
서울특별시,서초구,2012
서울특별시,서초구,2013
서울특별시,서초구,2014
서울특별시,서초구,2015
서울특별시,서초구,2016
서울특별시,서초구,2017
서울특별시,서초구,2018
서울특별시,서초구,2019
서울특별시,서초구,2020
서울특별시,서초구,2021
서울특별시,서초구,2022
서울특별시,서초구,2023
서울특별시,서초구,2024
서울특별시,서초구,2025
서울특별시,성동구,2008
서울특별시,성동구,2009
서울특별시,성동구,2010
서울특별시,성동구,2011
서울특별시,성동구,2012
서울특별시,성동구,2013
서울특별시,성동구,2014
서울특별시,성동구,2015
서울특별시,성동구,2016
서울특별시,성동구,2017
서울특별시,성동구,2018
서울특별시,성동구,2019
서울특별시,성동구,2020
서울특별시,성동구,2021
서울특별시,성동구,2022
서울특별시,성동구,2023
서울특별시,성동구,2024
서울특별시,성동구,2025
서울특별시,성북구,2008
서울특별시,성북구,2009
서울특별시,성북구,2010
서울특별시,성북구,2011
서울특별시,성북구,2012
서울특별시,성북구,2013
서울특별시,성북구,2014
서울특별시,성북구,2015
서울특별시,성북구,2016
서울특별시,성북구,2017
서울특별시,성북구,2018
서울특별시,성북구,2019
서울특별시,성북구,2020
서울특별시,성북구,2021
서울특별시,성북구,2022
서울특별시,성북구,2023
서울특별시,성북구,2024
서울특별시,성북구,2025
서울특별시,송파구,2008
서울특별시,송파구,2009
서울특별시,송파구,2010
서울특별시,송파구,2011
서울특별시,송파구,2012
서울특별시,송파구,2013
서울특별시,송파구,2014
서울특별시,송파구,2015
서울특별시,송파구,2016
서울특별시,송파구,2017
서울특별시,송파구,2018
서울특별시,송파구,2019
서울특별시,송파구,2020
서울특별시,송파구,2021
서울특별시,송파구,2022
서울특별시,송파구,2023
서울특별시,송파구,2024
서울특별시,송파구,2025
서울특별시,양천구,2008
서울특별시,양천구,2009
서울특별시,양천구,2010
서울특별시,양천구,2011
서울특별시,양천구,2012
서울특별시,양천구,2013
서울특별시,양천구,2014
서울특별시,양천구,2015
서울특별시,양천구,2016
서울특별시,양천구,2017
서울특별시,양천구,2018
서울특별시,양천구,2019
서울특별시,양천구,2020
서울특별시,양천구,2021
서울특별시,양천구,2022
서울특별시,양천구,2023
서울특별시,양천구,2024
서울특별시,양천구,2025
서울특별시,영등포구,2008
서울특별시,영등포구,2009
서울특별시,영등포구,2010
서울특별시,영등포구,2011
서울특별시,영등포구,2012
서울특별시,영등포구,2013
서울특별시,영등포구,2014
서울특별시,영등포구,2015
서울특별시,영등포구,2016
서울특별시,영등포구,2017
서울특별시,영등포구,2018
서울특별시,영등포구,2019
서울특별시,영등포구,2020
서울특별시,영등포구,2021
서울특별시,영등포구,2022
서울특별시,영등포구,2023
서울특별시,영등포구,2024
서울특별시,영등포구,2025
서울특별시,용산구,2008
서울특별시,용산구,2009
서울특별시,용산구,2010
서울특별시,용산구,2011
서울특별시,용산구,2012
서울특별시,용산구,2013
서울특별시,용산구,2014
서울특별시,용산구,2015
서울특별시,용산구,2016
서울특별시,용산구,2017
서울특별시,용산구,2018
서울특별시,용산구,2019
서울특별시,용산구,2020
서울특별시,용산구,2021
서울특별시,용산구,2022
서울특별시,용산구,2023
서울특별시,용산구,2024
서울특별시,용산구,2025
서울특별시,은평구,2008
서울특별시,은평구,2009
서울특별시,은평구,2010
서울특별시,은평구,2011
서울특별시,은평구,2012
서울특별시,은평구,2013
서울특별시,은평구,2014
서울특별시,은평구,2015
서울특별시,은평구,2016
서울특별시,은평구,2017
서울특별시,은평구,2018
서울특별시,은평구,2019
서울특별시,은평구,2020
서울특별시,은평구,2021
서울특별시,은평구,2022
서울특별시,은평구,2023
서울특별시,은평구,2024
서울특별시,은평구,2025
서울특별시,종로구,2008
서울특별시,종로구,2009
서울특별시,종로구,2010
서울특별시,종로구,2011
서울특별시,종로구,2012
서울특별시,종로구,2013
서울특별시,종로구,2014
서울특별시,종로구,2015
서울특별시,종로구,2016
서울특별시,종로구,2017
서울특별시,종로구,2018
서울특별시,종로구,2019
서울특별시,종로구,2020
서울특별시,종로구,2021
서울특별시,종로구,2022
서울특별시,종로구,2023
서울특별시,종로구,2024
서울특별시,종로구,2025
서울특별시,중구,2008
서울특별시,중구,2009
서울특별시,중구,2010
서울특별시,중구,2011
서울특별시,중구,2012
서울특별시,중구,2013
서울특별시,중구,2014
서울특별시,중구,2015
서울특별시,중구,2016
서울특별시,중구,2017
서울특별시,중구,2018
서울특별시,중구,2019
서울특별시,중구,2020
서울특별시,중구,2021
서울특별시,중구,2022
서울특별시,중구,2023
서울특별시,중구,2024
서울특별시,중구,2025
서울특별시,중랑구,2008
서울특별시,중랑구,2009
서울특별시,중랑구,2010
서울특별시,중랑구,2011
서울특별시,중랑구,2012
서울특별시,중랑구,2013
서울특별시,중랑구,2014
서울특별시,중랑구,2015
서울특별시,중랑구,2016
서울특별시,중랑구,2017
서울특별시,중랑구,2018
서울특별시,중랑구,2019
서울특별시,중랑구,2020
서울특별시,중랑구,2021
서울특별시,중랑구,2022
서울특별시,중랑구,2023
서울특별시,중랑구,2024
서울특별시,중랑구,2025
세종특별자치시,세종시,2012
세종특별자치시,세종시,2013
세종특별자치시,세종시,2014
세종특별자치시,세종시,2015
세종특별자치시,세종시,2016
세종특별자치시,세종시,2017
세종특별자치시,세종시,2018
세종특별자치시,세종시,2019
세종특별자치시,세종시,2020
세종특별자치시,세종시,2021
세종특별자치시,세종시,2022
세종특별자치시,세종시,2023
세종특별자치시,세종시,2024
세종특별자치시,세종시,2025
울산광역시,남구,2008
울산광역시,남구,2009
울산광역시,남구,2010
울산광역시,남구,2011
울산광역시,남구,2012
울산광역시,남구,2013
울산광역시,남구,2014
울산광역시,남구,2015
울산광역시,남구,2016
울산광역시,남구,2017
울산광역시,남구,2018
울산광역시,남구,2019
울산광역시,남구,2020
울산광역시,남구,2021
울산광역시,남구,2022
울산광역시,남구,2023
울산광역시,남구,2024
울산광역시,남구,2025
울산광역시,동구,2008
울산광역시,동구,2009
울산광역시,동구,2010
울산광역시,동구,2011
울산광역시,동구,2012
울산광역시,동구,2013
울산광역시,동구,2014
울산광역시,동구,2015
울산광역시,동구,2016
울산광역시,동구,2017
울산광역시,동구,2018
울산광역시,동구,2019
울산광역시,동구,2020
울산광역시,동구,2021
울산광역시,동구,2022
울산광역시,동구,2023
울산광역시,동구,2024
울산광역시,동구,2025
울산광역시,북구,2008
울산광역시,북구,2009
울산광역시,북구,2010
울산광역시,북구,2011
울산광역시,북구,2012
울산광역시,북구,2013
울산광역시,북구,2014
울산광역시,북구,2015
울산광역시,북구,2016
울산광역시,북구,2017
울산광역시,북구,2018
울산광역시,북구,2019
울산광역시,북구,2020
울산광역시,북구,2021
울산광역시,북구,2022
울산광역시,북구,2023
울산광역시,북구,2024
울산광역시,북구,2025
울산광역시,울주군,2008
울산광역시,울주군,2009
울산광역시,울주군,2010
울산광역시,울주군,2011
울산광역시,울주군,2012
울산광역시,울주군,2013
울산광역시,울주군,2014
울산광역시,울주군,2015
울산광역시,울주군,2016
울산광역시,울주군,2017
울산광역시,울주군,2018
울산광역시,울주군,2019
울산광역시,울주군,2020
울산광역시,울주군,2021
울산광역시,울주군,2022
울산광역시,울주군,2023
울산광역시,울주군,2024
울산광역시,울주군,2025
울산광역시,중구,2008
울산광역시,중구,2009
울산광역시,중구,2010
울산광역시,중구,2011
울산광역시,중구,2012
울산광역시,중구,2013
울산광역시,중구,2014
울산광역시,중구,2015
울산광역시,중구,2016
울산광역시,중구,2017
울산광역시,중구,2018
울산광역시,중구,2019
울산광역시,중구,2020
울산광역시,중구,2021
울산광역시,중구,2022
울산광역시,중구,2023
울산광역시,중구,2024
울산광역시,중구,2025
인천광역시,강화군,2008
인천광역시,강화군,2009
인천광역시,강화군,2010
인천광역시,강화군,2011
인천광역시,강화군,2012
인천광역시,강화군,2013
인천광역시,강화군,2014
인천광역시,강화군,2015
인천광역시,강화군,2016
인천광역시,강화군,2017
인천광역시,강화군,2018
인천광역시,강화군,2019
인천광역시,강화군,2020
인천광역시,강화군,2021
인천광역시,강화군,2022
인천광역시,강화군,2023
인천광역시,강화군,2024
인천광역시,강화군,2025
인천광역시,계양구,2008
인천광역시,계양구,2009
인천광역시,계양구,2010
인천광역시,계양구,2011
인천광역시,계양구,2012
인천광역시,계양구,2013
인천광역시,계양구,2014
인천광역시,계양구,2015
인천광역시,계양구,2016
인천광역시,계양구,2017
인천광역시,계양구,2018
인천광역시,계양구,2019
인천광역시,계양구,2020
인천광역시,계양구,2021
인천광역시,계양구,2022
인천광역시,계양구,2023
인천광역시,계양구,2024
인천광역시,계양구,2025
인천광역시,남구,2008
인천광역시,남구,2009
인천광역시,남구,2010
인천광역시,남구,2011
인천광역시,남구,2012
인천광역시,남구,2013
인천광역시,남구,2014
인천광역시,남구,2015
인천광역시,남구,2016
인천광역시,남구,2017
인천광역시,남구,2018
인천광역시,남동구,2008
인천광역시,남동구,2009
인천광역시,남동구,2010
인천광역시,남동구,2011
인천광역시,남동구,2012
인천광역시,남동구,2013
인천광역시,남동구,2014
인천광역시,남동구,2015
인천광역시,남동구,2016
인천광역시,남동구,2017
인천광역시,남동구,2018
인천광역시,남동구,2019
인천광역시,남동구,2020
인천광역시,남동구,2021
인천광역시,남동구,2022
인천광역시,남동구,2023
인천광역시,남동구,2024
인천광역시,남동구,2025
인천광역시,동구,2008
인천광역시,동구,2009
인천광역시,동구,2010
인천광역시,동구,2011
인천광역시,동구,2012
인천광역시,동구,2013
인천광역시,동구,2014
인천광역시,동구,2015
인천광역시,동구,2016
인천광역시,동구,2017
인천광역시,동구,2018
인천광역시,동구,2019
인천광역시,동구,2020
인천광역시,동구,2021
인천광역시,동구,2022
인천광역시,동구,2023
인천광역시,동구,2024
인천광역시,동구,2025
인천광역시,미추홀구,2018
인천광역시,미추홀구,2019
인천광역시,미추홀구,2020
인천광역시,미추홀구,2021
인천광역시,미추홀구,2022
인천광역시,미추홀구,2023
인천광역시,미추홀구,2024
인천광역시,미추홀구,2025
인천광역시,부평구,2008
인천광역시,부평구,2009
인천광역시,부평구,2010
인천광역시,부평구,2011
인천광역시,부평구,2012
인천광역시,부평구,2013
인천광역시,부평구,2014
인천광역시,부평구,2015
인천광역시,부평구,2016
인천광역시,부평구,2017
인천광역시,부평구,2018
인천광역시,부평구,2019
인천광역시,부평구,2020
인천광역시,부평구,2021
인천광역시,부평구,2022
인천광역시,부평구,2023
인천광역시,부평구,2024
인천광역시,부평구,2025
인천광역시,서구,2008
인천광역시,서구,2009
인천광역시,서구,2010
인천광역시,서구,2011
인천광역시,서구,2012
인천광역시,서구,2013
인천광역시,서구,2014
인천광역시,서구,2015
인천광역시,서구,2016
인천광역시,서구,2017
인천광역시,서구,2018
인천광역시,서구,2019
인천광역시,서구,2020
인천광역시,서구,2021
인천광역시,서구,2022
인천광역시,서구,2023
인천광역시,서구,2024
인천광역시,서구,2025
인천광역시,서구검단출장소,2020
인천광역시,서구검단출장소,2021
인천광역시,서구검단출장소,2022
인천광역시,서구검단출장소,2023
인천광역시,서구검단출장소,2024
인천광역시,서구검단출장소,2025
인천광역시,연수구,2008
인천광역시,연수구,2009
인천광역시,연수구,2010
인천광역시,연수구,2011
인천광역시,연수구,2012
인천광역시,연수구,2013
인천광역시,연수구,2014
인천광역시,연수구,2015
인천광역시,연수구,2016
인천광역시,연수구,2017
인천광역시,연수구,2018
인천광역시,연수구,2019
인천광역시,연수구,2020
인천광역시,연수구,2021
인천광역시,연수구,2022
인천광역시,연수구,2023
인천광역시,연수구,2024
인천광역시,연수구,2025
인천광역시,옹진군,2008
인천광역시,옹진군,2009
인천광역시,옹진군,2010
인천광역시,옹진군,2011
인천광역시,옹진군,2012
인천광역시,옹진군,2013
인천광역시,옹진군,2014
인천광역시,옹진군,2015
인천광역시,옹진군,2016
인천광역시,옹진군,2017
인천광역시,옹진군,2018
인천광역시,옹진군,2019
인천광역시,옹진군,2020
인천광역시,옹진군,2021
인천광역시,옹진군,2022
인천광역시,옹진군,2023
인천광역시,옹진군,2024
인천광역시,옹진군,2025
인천광역시,중구,2008
인천광역시,중구,2009
인천광역시,중구,2010
인천광역시,중구,2011
인천광역시,중구,2012
인천광역시,중구,2013
인천광역시,중구,2014
인천광역시,중구,2015
인천광역시,중구,2016
인천광역시,중구,2017
인천광역시,중구,2018
인천광역시,중구,2019
인천광역시,중구,2020
인천광역시,중구,2021
인천광역시,중구,2022
인천광역시,중구,2023
인천광역시,중구,2024
인천광역시,중구,2025
인천광역시,중구영종출장소,2020
인천광역시,중구영종출장소,2021
인천광역시,중구영종출장소,2022
인천광역시,중구영종출장소,2023
인천광역시,중구영종출장소,2024
인천광역시,중구영종출장소,2025
인천광역시,중구용유출장소,2020
인천광역시,중구용유출장소,2021
인천광역시,중구용유출장소,2022
인천광역시,중구용유출장소,2023
인천광역시,중구용유출장소,2024
인천광역시,중구용유출장소,2025
전라남도,강진군,2008
전라남도,강진군,2009
전라남도,강진군,2010
전라남도,강진군,2011
전라남도,강진군,2012
전라남도,강진군,2013
전라남도,강진군,2014
전라남도,강진군,2015
전라남도,강진군,2016
전라남도,강진군,2017
전라남도,강진군,2018
전라남도,강진군,2019
전라남도,강진군,2020
전라남도,강진군,2021
전라남도,강진군,2022
전라남도,강진군,2023
전라남도,강진군,2024
전라남도,강진군,2025
전라남도,고흥군,2008
전라남도,고흥군,2009
전라남도,고흥군,2010
전라남도,고흥군,2011
전라남도,고흥군,2012
전라남도,고흥군,2013
전라남도,고흥군,2014
전라남도,고흥군,2015
전라남도,고흥군,2016
전라남도,고흥군,2017
전라남도,고흥군,2018
전라남도,고흥군,2019
전라남도,고흥군,2020
전라남도,고흥군,2021
전라남도,고흥군,2022
전라남도,고흥군,2023
전라남도,고흥군,2024
전라남도,고흥군,2025
전라남도,곡성군,2008
전라남도,곡성군,2009
전라남도,곡성군,2010
전라남도,곡성군,2011
전라남도,곡성군,2012
전라남도,곡성군,2013
전라남도,곡성군,2014
전라남도,곡성군,2015
전라남도,곡성군,2016
전라남도,곡성군,2017
전라남도,곡성군,2018
전라남도,곡성군,2019
전라남도,곡성군,2020
전라남도,곡성군,2021
전라남도,곡성군,2022
전라남도,곡성군,2023
전라남도,곡성군,2024
전라남도,곡성군,2025
전라남도,광양시,2008
전라남도,광양시,2009
전라남도,광양시,2010
전라남도,광양시,2011
전라남도,광양시,2012
전라남도,광양시,2013
전라남도,광양시,2014
전라남도,광양시,2015
전라남도,광양시,2016
전라남도,광양시,2017
전라남도,광양시,2018
전라남도,광양시,2019
전라남도,광양시,2020
전라남도,광양시,2021
전라남도,광양시,2022
전라남도,광양시,2023
전라남도,광양시,2024
전라남도,광양시,2025
전라남도,구례군,2008
전라남도,구례군,2009
전라남도,구례군,2010
전라남도,구례군,2011
전라남도,구례군,2012
전라남도,구례군,2013
전라남도,구례군,2014
전라남도,구례군,2015
전라남도,구례군,2016
전라남도,구례군,2017
전라남도,구례군,2018
전라남도,구례군,2019
전라남도,구례군,2020
전라남도,구례군,2021
전라남도,구례군,2022
전라남도,구례군,2023
전라남도,구례군,2024
전라남도,구례군,2025
전라남도,나주시,2008
전라남도,나주시,2009
전라남도,나주시,2010
전라남도,나주시,2011
전라남도,나주시,2012
전라남도,나주시,2013
전라남도,나주시,2014
전라남도,나주시,2015
전라남도,나주시,2016
전라남도,나주시,2017
전라남도,나주시,2018
전라남도,나주시,2019
전라남도,나주시,2020
전라남도,나주시,2021
전라남도,나주시,2022
전라남도,나주시,2023
전라남도,나주시,2024
전라남도,나주시,2025
전라남도,담양군,2008
전라남도,담양군,2009
전라남도,담양군,2010
전라남도,담양군,2011
전라남도,담양군,2012
전라남도,담양군,2013
전라남도,담양군,2014
전라남도,담양군,2015
전라남도,담양군,2016
전라남도,담양군,2017
전라남도,담양군,2018
전라남도,담양군,2019
전라남도,담양군,2020
전라남도,담양군,2021
전라남도,담양군,2022
전라남도,담양군,2023
전라남도,담양군,2024
전라남도,담양군,2025
전라남도,목포시,2008
전라남도,목포시,2009
전라남도,목포시,2010
전라남도,목포시,2011
전라남도,목포시,2012
전라남도,목포시,2013
전라남도,목포시,2014
전라남도,목포시,2015
전라남도,목포시,2016
전라남도,목포시,2017
전라남도,목포시,2018
전라남도,목포시,2019
전라남도,목포시,2020
전라남도,목포시,2021
전라남도,목포시,2022
전라남도,목포시,2023
전라남도,목포시,2024
전라남도,목포시,2025
전라남도,무안군,2008
전라남도,무안군,2009
전라남도,무안군,2010
전라남도,무안군,2011
전라남도,무안군,2012
전라남도,무안군,2013
전라남도,무안군,2014
전라남도,무안군,2015
전라남도,무안군,2016
전라남도,무안군,2017
전라남도,무안군,2018
전라남도,무안군,2019
전라남도,무안군,2020
전라남도,무안군,2021
전라남도,무안군,2022
전라남도,무안군,2023
전라남도,무안군,2024
전라남도,무안군,2025
전라남도,보성군,2008
전라남도,보성군,2009
전라남도,보성군,2010
전라남도,보성군,2011
전라남도,보성군,2012
전라남도,보성군,2013
전라남도,보성군,2014
전라남도,보성군,2015
전라남도,보성군,2016
전라남도,보성군,2017
전라남도,보성군,2018
전라남도,보성군,2019
전라남도,보성군,2020
전라남도,보성군,2021
전라남도,보성군,2022
전라남도,보성군,2023
전라남도,보성군,2024
전라남도,보성군,2025
전라남도,순천시,2008
전라남도,순천시,2009
전라남도,순천시,2010
전라남도,순천시,2011
전라남도,순천시,2012
전라남도,순천시,2013
전라남도,순천시,2014
전라남도,순천시,2015
전라남도,순천시,2016
전라남도,순천시,2017
전라남도,순천시,2018
전라남도,순천시,2019
전라남도,순천시,2020
전라남도,순천시,2021
전라남도,순천시,2022
전라남도,순천시,2023
전라남도,순천시,2024
전라남도,순천시,2025
전라남도,신안군,2008
전라남도,신안군,2009
전라남도,신안군,2010
전라남도,신안군,2011
전라남도,신안군,2012
전라남도,신안군,2013
전라남도,신안군,2014
전라남도,신안군,2015
전라남도,신안군,2016
전라남도,신안군,2017
전라남도,신안군,2018
전라남도,신안군,2019
전라남도,신안군,2020
전라남도,신안군,2021
전라남도,신안군,2022
전라남도,신안군,2023
전라남도,신안군,2024
전라남도,신안군,2025
전라남도,여수시,2008
전라남도,여수시,2009
전라남도,여수시,2010
전라남도,여수시,2011
전라남도,여수시,2012
전라남도,여수시,2013
전라남도,여수시,2014
전라남도,여수시,2015
전라남도,여수시,2016
전라남도,여수시,2017
전라남도,여수시,2018
전라남도,여수시,2019
전라남도,여수시,2020
전라남도,여수시,2021
전라남도,여수시,2022
전라남도,여수시,2023
전라남도,여수시,2024
전라남도,여수시,2025
전라남도,영광군,2008
전라남도,영광군,2009
전라남도,영광군,2010
전라남도,영광군,2011
전라남도,영광군,2012
전라남도,영광군,2013
전라남도,영광군,2014
전라남도,영광군,2015
전라남도,영광군,2016
전라남도,영광군,2017
전라남도,영광군,2018
전라남도,영광군,2019
전라남도,영광군,2020
전라남도,영광군,2021
전라남도,영광군,2022
전라남도,영광군,2023
전라남도,영광군,2024
전라남도,영광군,2025
전라남도,영암군,2008
전라남도,영암군,2009
전라남도,영암군,2010
전라남도,영암군,2011
전라남도,영암군,2012
전라남도,영암군,2013
전라남도,영암군,2014
전라남도,영암군,2015
전라남도,영암군,2016
전라남도,영암군,2017
전라남도,영암군,2018
전라남도,영암군,2019
전라남도,영암군,2020
전라남도,영암군,2021
전라남도,영암군,2022
전라남도,영암군,2023
전라남도,영암군,2024
전라남도,영암군,2025
전라남도,완도군,2008
전라남도,완도군,2009
전라남도,완도군,2010
전라남도,완도군,2011
전라남도,완도군,2012
전라남도,완도군,2013
전라남도,완도군,2014
전라남도,완도군,2015
전라남도,완도군,2016
전라남도,완도군,2017
전라남도,완도군,2018
전라남도,완도군,2019
전라남도,완도군,2020
전라남도,완도군,2021
전라남도,완도군,2022
전라남도,완도군,2023
전라남도,완도군,2024
전라남도,완도군,2025
전라남도,장성군,2008
전라남도,장성군,2009
전라남도,장성군,2010
전라남도,장성군,2011
전라남도,장성군,2012
전라남도,장성군,2013
전라남도,장성군,2014
전라남도,장성군,2015
전라남도,장성군,2016
전라남도,장성군,2017
전라남도,장성군,2018
전라남도,장성군,2019
전라남도,장성군,2020
전라남도,장성군,2021
전라남도,장성군,2022
전라남도,장성군,2023
전라남도,장성군,2024
전라남도,장성군,2025
전라남도,장흥군,2008
전라남도,장흥군,2009
전라남도,장흥군,2010
전라남도,장흥군,2011
전라남도,장흥군,2012
전라남도,장흥군,2013
전라남도,장흥군,2014
전라남도,장흥군,2015
전라남도,장흥군,2016
전라남도,장흥군,2017
전라남도,장흥군,2018
전라남도,장흥군,2019
전라남도,장흥군,2020
전라남도,장흥군,2021
전라남도,장흥군,2022
전라남도,장흥군,2023
전라남도,장흥군,2024
전라남도,장흥군,2025
전라남도,진도군,2008
전라남도,진도군,2009
전라남도,진도군,2010
전라남도,진도군,2011
전라남도,진도군,2012
전라남도,진도군,2013
전라남도,진도군,2014
전라남도,진도군,2015
전라남도,진도군,2016
전라남도,진도군,2017
전라남도,진도군,2018
전라남도,진도군,2019
전라남도,진도군,2020
전라남도,진도군,2021
전라남도,진도군,2022
전라남도,진도군,2023
전라남도,진도군,2024
전라남도,진도군,2025
전라남도,함평군,2008
전라남도,함평군,2009
전라남도,함평군,2010
전라남도,함평군,2011
전라남도,함평군,2012
전라남도,함평군,2013
전라남도,함평군,2014
전라남도,함평군,2015
전라남도,함평군,2016
전라남도,함평군,2017
전라남도,함평군,2018
전라남도,함평군,2019
전라남도,함평군,2020
전라남도,함평군,2021
전라남도,함평군,2022
전라남도,함평군,2023
전라남도,함평군,2024
전라남도,함평군,2025
전라남도,해남군,2008
전라남도,해남군,2009
전라남도,해남군,2010
전라남도,해남군,2011
전라남도,해남군,2012
전라남도,해남군,2013
전라남도,해남군,2014
전라남도,해남군,2015
전라남도,해남군,2016
전라남도,해남군,2017
전라남도,해남군,2018
전라남도,해남군,2019
전라남도,해남군,2020
전라남도,해남군,2021
전라남도,해남군,2022
전라남도,해남군,2023
전라남도,해남군,2024
전라남도,해남군,2025
전라남도,화순군,2008
전라남도,화순군,2009
전라남도,화순군,2010
전라남도,화순군,2011
전라남도,화순군,2012
전라남도,화순군,2013
전라남도,화순군,2014
전라남도,화순군,2015
전라남도,화순군,2016
전라남도,화순군,2017
전라남도,화순군,2018
전라남도,화순군,2019
전라남도,화순군,2020
전라남도,화순군,2021
전라남도,화순군,2022
전라남도,화순군,2023
전라남도,화순군,2024
전라남도,화순군,2025
전북특별자치도,고창군,2008
전북특별자치도,고창군,2009
전북특별자치도,고창군,2010
전북특별자치도,고창군,2011
전북특별자치도,고창군,2012
전북특별자치도,고창군,2013
전북특별자치도,고창군,2014
전북특별자치도,고창군,2015
전북특별자치도,고창군,2016
전북특별자치도,고창군,2017
전북특별자치도,고창군,2018
전북특별자치도,고창군,2019
전북특별자치도,고창군,2020
전북특별자치도,고창군,2021
전북특별자치도,고창군,2022
전북특별자치도,고창군,2023
전북특별자치도,고창군,2024
전북특별자치도,고창군,2025
전북특별자치도,군산시,2008
전북특별자치도,군산시,2009
전북특별자치도,군산시,2010
전북특별자치도,군산시,2011
전북특별자치도,군산시,2012
전북특별자치도,군산시,2013
전북특별자치도,군산시,2014
전북특별자치도,군산시,2015
전북특별자치도,군산시,2016
전북특별자치도,군산시,2017
전북특별자치도,군산시,2018
전북특별자치도,군산시,2019
전북특별자치도,군산시,2020
전북특별자치도,군산시,2021
전북특별자치도,군산시,2022
전북특별자치도,군산시,2023
전북특별자치도,군산시,2024
전북특별자치도,군산시,2025
전북특별자치도,김제시,2008
전북특별자치도,김제시,2009
전북특별자치도,김제시,2010
전북특별자치도,김제시,2011
전북특별자치도,김제시,2012
전북특별자치도,김제시,2013
전북특별자치도,김제시,2014
전북특별자치도,김제시,2015
전북특별자치도,김제시,2016
전북특별자치도,김제시,2017
전북특별자치도,김제시,2018
전북특별자치도,김제시,2019
전북특별자치도,김제시,2020
전북특별자치도,김제시,2021
전북특별자치도,김제시,2022
전북특별자치도,김제시,2023
전북특별자치도,김제시,2024
전북특별자치도,김제시,2025
전북특별자치도,남원시,2008
전북특별자치도,남원시,2009
전북특별자치도,남원시,2010
전북특별자치도,남원시,2011
전북특별자치도,남원시,2012
전북특별자치도,남원시,2013
전북특별자치도,남원시,2014
전북특별자치도,남원시,2015
전북특별자치도,남원시,2016
전북특별자치도,남원시,2017
전북특별자치도,남원시,2018
전북특별자치도,남원시,2019
전북특별자치도,남원시,2020
전북특별자치도,남원시,2021
전북특별자치도,남원시,2022
전북특별자치도,남원시,2023
전북특별자치도,남원시,2024
전북특별자치도,남원시,2025
전북특별자치도,무주군,2008
전북특별자치도,무주군,2009
전북특별자치도,무주군,2010
전북특별자치도,무주군,2011
전북특별자치도,무주군,2012
전북특별자치도,무주군,2013
전북특별자치도,무주군,2014
전북특별자치도,무주군,2015
전북특별자치도,무주군,2016
전북특별자치도,무주군,2017
전북특별자치도,무주군,2018
전북특별자치도,무주군,2019
전북특별자치도,무주군,2020
전북특별자치도,무주군,2021
전북특별자치도,무주군,2022
전북특별자치도,무주군,2023
전북특별자치도,무주군,2024
전북특별자치도,무주군,2025
전북특별자치도,부안군,2008
전북특별자치도,부안군,2009
전북특별자치도,부안군,2010
전북특별자치도,부안군,2011
전북특별자치도,부안군,2012
전북특별자치도,부안군,2013
전북특별자치도,부안군,2014
전북특별자치도,부안군,2015
전북특별자치도,부안군,2016
전북특별자치도,부안군,2017
전북특별자치도,부안군,2018
전북특별자치도,부안군,2019
전북특별자치도,부안군,2020
전북특별자치도,부안군,2021
전북특별자치도,부안군,2022
전북특별자치도,부안군,2023
전북특별자치도,부안군,2024
전북특별자치도,부안군,2025
전북특별자치도,순창군,2008
전북특별자치도,순창군,2009
전북특별자치도,순창군,2010
전북특별자치도,순창군,2011
전북특별자치도,순창군,2012
전북특별자치도,순창군,2013
전북특별자치도,순창군,2014
전북특별자치도,순창군,2015
전북특별자치도,순창군,2016
전북특별자치도,순창군,2017
전북특별자치도,순창군,2018
전북특별자치도,순창군,2019
전북특별자치도,순창군,2020
전북특별자치도,순창군,2021
전북특별자치도,순창군,2022
전북특별자치도,순창군,2023
전북특별자치도,순창군,2024
전북특별자치도,순창군,2025
전북특별자치도,완주군,2008
전북특별자치도,완주군,2009
전북특별자치도,완주군,2010
전북특별자치도,완주군,2011
전북특별자치도,완주군,2012
전북특별자치도,완주군,2013
전북특별자치도,완주군,2014
전북특별자치도,완주군,2015
전북특별자치도,완주군,2016
전북특별자치도,완주군,2017
전북특별자치도,완주군,2018
전북특별자치도,완주군,2019
전북특별자치도,완주군,2020
전북특별자치도,완주군,2021
전북특별자치도,완주군,2022
전북특별자치도,완주군,2023
전북특별자치도,완주군,2024
전북특별자치도,완주군,2025
전북특별자치도,익산시,2008
전북특별자치도,익산시,2009
전북특별자치도,익산시,2010
전북특별자치도,익산시,2011
전북특별자치도,익산시,2012
전북특별자치도,익산시,2013
전북특별자치도,익산시,2014
전북특별자치도,익산시,2015
전북특별자치도,익산시,2016
전북특별자치도,익산시,2017
전북특별자치도,익산시,2018
전북특별자치도,익산시,2019
전북특별자치도,익산시,2020
전북특별자치도,익산시,2021
전북특별자치도,익산시,2022
전북특별자치도,익산시,2023
전북특별자치도,익산시,2024
전북특별자치도,익산시,2025
전북특별자치도,익산시함열출장소,2020
전북특별자치도,익산시함열출장소,2021
전북특별자치도,익산시함열출장소,2022
전북특별자치도,익산시함열출장소,2023
전북특별자치도,임실군,2008
전북특별자치도,임실군,2009
전북특별자치도,임실군,2010
전북특별자치도,임실군,2011
전북특별자치도,임실군,2012
전북특별자치도,임실군,2013
전북특별자치도,임실군,2014
전북특별자치도,임실군,2015
전북특별자치도,임실군,2016
전북특별자치도,임실군,2017
전북특별자치도,임실군,2018
전북특별자치도,임실군,2019
전북특별자치도,임실군,2020
전북특별자치도,임실군,2021
전북특별자치도,임실군,2022
전북특별자치도,임실군,2023
전북특별자치도,임실군,2024
전북특별자치도,임실군,2025
전북특별자치도,장수군,2008
전북특별자치도,장수군,2009
전북특별자치도,장수군,2010
전북특별자치도,장수군,2011
전북특별자치도,장수군,2012
전북특별자치도,장수군,2013
전북특별자치도,장수군,2014
전북특별자치도,장수군,2015
전북특별자치도,장수군,2016
전북특별자치도,장수군,2017
전북특별자치도,장수군,2018
전북특별자치도,장수군,2019
전북특별자치도,장수군,2020
전북특별자치도,장수군,2021
전북특별자치도,장수군,2022
전북특별자치도,장수군,2023
전북특별자치도,장수군,2024
전북특별자치도,장수군,2025
전북특별자치도,전주시,2008
전북특별자치도,전주시,2009
전북특별자치도,전주시,2010
전북특별자치도,전주시,2011
전북특별자치도,전주시,2012
전북특별자치도,전주시,2013
전북특별자치도,전주시,2014
전북특별자치도,전주시,2015
전북특별자치도,전주시,2016
전북특별자치도,전주시,2017
전북특별자치도,전주시,2018
전북특별자치도,전주시,2019
전북특별자치도,전주시,2020
전북특별자치도,전주시,2021
전북특별자치도,전주시,2022
전북특별자치도,전주시,2023
전북특별자치도,전주시,2024
전북특별자치도,전주시,2025
전북특별자치도,전주시효자출장소,2020
전북특별자치도,전주시효자출장소,2021
전북특별자치도,전주시효자출장소,2022
전북특별자치도,전주시효자출장소,2023
전북특별자치도,정읍시,2008
전북특별자치도,정읍시,2009
전북특별자치도,정읍시,2010
전북특별자치도,정읍시,2011
전북특별자치도,정읍시,2012
전북특별자치도,정읍시,2013
전북특별자치도,정읍시,2014
전북특별자치도,정읍시,2015
전북특별자치도,정읍시,2016
전북특별자치도,정읍시,2017
전북특별자치도,정읍시,2018
전북특별자치도,정읍시,2019
전북특별자치도,정읍시,2020
전북특별자치도,정읍시,2021
전북특별자치도,정읍시,2022
전북특별자치도,정읍시,2023
전북특별자치도,정읍시,2024
전북특별자치도,정읍시,2025
전북특별자치도,진안군,2008
전북특별자치도,진안군,2009
전북특별자치도,진안군,2010
전북특별자치도,진안군,2011
전북특별자치도,진안군,2012
전북특별자치도,진안군,2013
전북특별자치도,진안군,2014
전북특별자치도,진안군,2015
전북특별자치도,진안군,2016
전북특별자치도,진안군,2017
전북특별자치도,진안군,2018
전북특별자치도,진안군,2019
전북특별자치도,진안군,2020
전북특별자치도,진안군,2021
전북특별자치도,진안군,2022
전북특별자치도,진안군,2023
전북특별자치도,진안군,2024
전북특별자치도,진안군,2025
제주특별자치도,서귀포시,2008
제주특별자치도,서귀포시,2009
제주특별자치도,서귀포시,2010
제주특별자치도,서귀포시,2011
제주특별자치도,서귀포시,2012
제주특별자치도,서귀포시,2013
제주특별자치도,서귀포시,2014
제주특별자치도,서귀포시,2015
제주특별자치도,서귀포시,2016
제주특별자치도,서귀포시,2017
제주특별자치도,서귀포시,2018
제주특별자치도,서귀포시,2019
제주특별자치도,서귀포시,2020
제주특별자치도,서귀포시,2021
제주특별자치도,서귀포시,2022
제주특별자치도,서귀포시,2023
제주특별자치도,서귀포시,2024
제주특별자치도,서귀포시,2025
제주특별자치도,제주시,2008
제주특별자치도,제주시,2009
제주특별자치도,제주시,2010
제주특별자치도,제주시,2011
제주특별자치도,제주시,2012
제주특별자치도,제주시,2013
제주특별자치도,제주시,2014
제주특별자치도,제주시,2015
제주특별자치도,제주시,2016
제주특별자치도,제주시,2017
제주특별자치도,제주시,2018
제주특별자치도,제주시,2019
제주특별자치도,제주시,2020
제주특별자치도,제주시,2021
제주특별자치도,제주시,2022
제주특별자치도,제주시,2023
제주특별자치도,제주시,2024
제주특별자치도,제주시,2025
충청남도,계룡시,2008
충청남도,계룡시,2009
충청남도,계룡시,2010
충청남도,계룡시,2011
충청남도,계룡시,2012
충청남도,계룡시,2013
충청남도,계룡시,2014
충청남도,계룡시,2015
충청남도,계룡시,2016
충청남도,계룡시,2017
충청남도,계룡시,2018
충청남도,계룡시,2019
충청남도,계룡시,2020
충청남도,계룡시,2021
충청남도,계룡시,2022
충청남도,계룡시,2023
충청남도,계룡시,2024
충청남도,계룡시,2025
충청남도,공주시,2008
충청남도,공주시,2009
충청남도,공주시,2010
충청남도,공주시,2011
충청남도,공주시,2012
충청남도,공주시,2013
충청남도,공주시,2014
충청남도,공주시,2015
충청남도,공주시,2016
충청남도,공주시,2017
충청남도,공주시,2018
충청남도,공주시,2019
충청남도,공주시,2020
충청남도,공주시,2021
충청남도,공주시,2022
충청남도,공주시,2023
충청남도,공주시,2024
충청남도,공주시,2025
충청남도,금산군,2008
충청남도,금산군,2009
충청남도,금산군,2010
충청남도,금산군,2011
충청남도,금산군,2012
충청남도,금산군,2013
충청남도,금산군,2014
충청남도,금산군,2015
충청남도,금산군,2016
충청남도,금산군,2017
충청남도,금산군,2018
충청남도,금산군,2019
충청남도,금산군,2020
충청남도,금산군,2021
충청남도,금산군,2022
충청남도,금산군,2023
충청남도,금산군,2024
충청남도,금산군,2025
충청남도,논산시,2008
충청남도,논산시,2009
충청남도,논산시,2010
충청남도,논산시,2011
충청남도,논산시,2012
충청남도,논산시,2013
충청남도,논산시,2014
충청남도,논산시,2015
충청남도,논산시,2016
충청남도,논산시,2017
충청남도,논산시,2018
충청남도,논산시,2019
충청남도,논산시,2020
충청남도,논산시,2021
충청남도,논산시,2022
충청남도,논산시,2023
충청남도,논산시,2024
충청남도,논산시,2025
충청남도,당진군,2008
충청남도,당진군,2009
충청남도,당진군,2010
충청남도,당진군,2011
충청남도,당진시,2012
충청남도,당진시,2013
충청남도,당진시,2014
충청남도,당진시,2015
충청남도,당진시,2016
충청남도,당진시,2017
충청남도,당진시,2018
충청남도,당진시,2019
충청남도,당진시,2020
충청남도,당진시,2021
충청남도,당진시,2022
충청남도,당진시,2023
충청남도,당진시,2024
충청남도,당진시,2025
충청남도,보령시,2008
충청남도,보령시,2009
충청남도,보령시,2010
충청남도,보령시,2011
충청남도,보령시,2012
충청남도,보령시,2013
충청남도,보령시,2014
충청남도,보령시,2015
충청남도,보령시,2016
충청남도,보령시,2017
충청남도,보령시,2018
충청남도,보령시,2019
충청남도,보령시,2020
충청남도,보령시,2021
충청남도,보령시,2022
충청남도,보령시,2023
충청남도,보령시,2024
충청남도,보령시,2025
충청남도,부여군,2008
충청남도,부여군,2009
충청남도,부여군,2010
충청남도,부여군,2011
충청남도,부여군,2012
충청남도,부여군,2013
충청남도,부여군,2014
충청남도,부여군,2015
충청남도,부여군,2016
충청남도,부여군,2017
충청남도,부여군,2018
충청남도,부여군,2019
충청남도,부여군,2020
충청남도,부여군,2021
충청남도,부여군,2022
충청남도,부여군,2023
충청남도,부여군,2024
충청남도,부여군,2025
충청남도,서산시,2008
충청남도,서산시,2009
충청남도,서산시,2010
충청남도,서산시,2011
충청남도,서산시,2012
충청남도,서산시,2013
충청남도,서산시,2014
충청남도,서산시,2015
충청남도,서산시,2016
충청남도,서산시,2017
충청남도,서산시,2018
충청남도,서산시,2019
충청남도,서산시,2020
충청남도,서산시,2021
충청남도,서산시,2022
충청남도,서산시,2023
충청남도,서산시,2024
충청남도,서산시,2025
충청남도,서천군,2008
충청남도,서천군,2009
충청남도,서천군,2010
충청남도,서천군,2011
충청남도,서천군,2012
충청남도,서천군,2013
충청남도,서천군,2014
충청남도,서천군,2015
충청남도,서천군,2016
충청남도,서천군,2017
충청남도,서천군,2018
충청남도,서천군,2019
충청남도,서천군,2020
충청남도,서천군,2021
충청남도,서천군,2022
충청남도,서천군,2023
충청남도,서천군,2024
충청남도,서천군,2025
충청남도,아산시,2008
충청남도,아산시,2009
충청남도,아산시,2010
충청남도,아산시,2011
충청남도,아산시,2012
충청남도,아산시,2013
충청남도,아산시,2014
충청남도,아산시,2015
충청남도,아산시,2016
충청남도,아산시,2017
충청남도,아산시,2018
충청남도,아산시,2019
충청남도,아산시,2020
충청남도,아산시,2021
충청남도,아산시,2022
충청남도,아산시,2023
충청남도,아산시,2024
충청남도,아산시,2025
충청남도,연기군,2008
충청남도,연기군,2009
충청남도,연기군,2010
충청남도,연기군,2011
충청남도,연기군,2012
충청남도,예산군,2008
충청남도,예산군,2009
충청남도,예산군,2010
충청남도,예산군,2011
충청남도,예산군,2012
충청남도,예산군,2013
충청남도,예산군,2014
충청남도,예산군,2015
충청남도,예산군,2016
충청남도,예산군,2017
충청남도,예산군,2018
충청남도,예산군,2019
충청남도,예산군,2020
충청남도,예산군,2021
충청남도,예산군,2022
충청남도,예산군,2023
충청남도,예산군,2024
충청남도,예산군,2025
충청남도,천안시,2008
충청남도,천안시,2009
충청남도,천안시,2010
충청남도,천안시,2011
충청남도,천안시,2012
충청남도,천안시,2013
충청남도,천안시,2014
충청남도,천안시,2015
충청남도,천안시,2016
충청남도,천안시,2017
충청남도,천안시,2018
충청남도,천안시,2019
충청남도,천안시,2020
충청남도,천안시,2021
충청남도,천안시,2022
충청남도,천안시,2023
충청남도,천안시,2024
충청남도,천안시,2025
충청남도,청양군,2008
충청남도,청양군,2009
충청남도,청양군,2010
충청남도,청양군,2011
충청남도,청양군,2012
충청남도,청양군,2013
충청남도,청양군,2014
충청남도,청양군,2015
충청남도,청양군,2016
충청남도,청양군,2017
충청남도,청양군,2018
충청남도,청양군,2019
충청남도,청양군,2020
충청남도,청양군,2021
충청남도,청양군,2022
충청남도,청양군,2023
충청남도,청양군,2024
충청남도,청양군,2025
충청남도,태안군,2008
충청남도,태안군,2009
충청남도,태안군,2010
충청남도,태안군,2011
충청남도,태안군,2012
충청남도,태안군,2013
충청남도,태안군,2014
충청남도,태안군,2015
충청남도,태안군,2016
충청남도,태안군,2017
충청남도,태안군,2018
충청남도,태안군,2019
충청남도,태안군,2020
충청남도,태안군,2021
충청남도,태안군,2022
충청남도,태안군,2023
충청남도,태안군,2024
충청남도,태안군,2025
충청남도,홍성군,2008
충청남도,홍성군,2009
충청남도,홍성군,2010
충청남도,홍성군,2011
충청남도,홍성군,2012
충청남도,홍성군,2013
충청남도,홍성군,2014
충청남도,홍성군,2015
충청남도,홍성군,2016
충청남도,홍성군,2017
충청남도,홍성군,2018
충청남도,홍성군,2019
충청남도,홍성군,2020
충청남도,홍성군,2021
충청남도,홍성군,2022
충청남도,홍성군,2023
충청남도,홍성군,2024
충청남도,홍성군,2025
충청북도,괴산군,2008
충청북도,괴산군,2009
충청북도,괴산군,2010
충청북도,괴산군,2011
충청북도,괴산군,2012
충청북도,괴산군,2013
충청북도,괴산군,2014
충청북도,괴산군,2015
충청북도,괴산군,2016
충청북도,괴산군,2017
충청북도,괴산군,2018
충청북도,괴산군,2019
충청북도,괴산군,2020
충청북도,괴산군,2021
충청북도,괴산군,2022
충청북도,괴산군,2023
충청북도,괴산군,2024
충청북도,괴산군,2025
충청북도,단양군,2008
충청북도,단양군,2009
충청북도,단양군,2010
충청북도,단양군,2011
충청북도,단양군,2012
충청북도,단양군,2013
충청북도,단양군,2014
충청북도,단양군,2015
충청북도,단양군,2016
충청북도,단양군,2017
충청북도,단양군,2018
충청북도,단양군,2019
충청북도,단양군,2020
충청북도,단양군,2021
충청북도,단양군,2022
충청북도,단양군,2023
충청북도,단양군,2024
충청북도,단양군,2025
충청북도,보은군,2008
충청북도,보은군,2009
충청북도,보은군,2010
충청북도,보은군,2011
충청북도,보은군,2012
충청북도,보은군,2013
충청북도,보은군,2014
충청북도,보은군,2015
충청북도,보은군,2016
충청북도,보은군,2017
충청북도,보은군,2018
충청북도,보은군,2019
충청북도,보은군,2020
충청북도,보은군,2021
충청북도,보은군,2022
충청북도,보은군,2023
충청북도,보은군,2024
충청북도,보은군,2025
충청북도,영동군,2008
충청북도,영동군,2009
충청북도,영동군,2010
충청북도,영동군,2011
충청북도,영동군,2012
충청북도,영동군,2013
충청북도,영동군,2014
충청북도,영동군,2015
충청북도,영동군,2016
충청북도,영동군,2017
충청북도,영동군,2018
충청북도,영동군,2019
충청북도,영동군,2020
충청북도,영동군,2021
충청북도,영동군,2022
충청북도,영동군,2023
충청북도,영동군,2024
충청북도,영동군,2025
충청북도,옥천군,2008
충청북도,옥천군,2009
충청북도,옥천군,2010
충청북도,옥천군,2011
충청북도,옥천군,2012
충청북도,옥천군,2013
충청북도,옥천군,2014
충청북도,옥천군,2015
충청북도,옥천군,2016
충청북도,옥천군,2017
충청북도,옥천군,2018
충청북도,옥천군,2019
충청북도,옥천군,2020
충청북도,옥천군,2021
충청북도,옥천군,2022
충청북도,옥천군,2023
충청북도,옥천군,2024
충청북도,옥천군,2025
충청북도,음성군,2008
충청북도,음성군,2009
충청북도,음성군,2010
충청북도,음성군,2011
충청북도,음성군,2012
충청북도,음성군,2013
충청북도,음성군,2014
충청북도,음성군,2015
충청북도,음성군,2016
충청북도,음성군,2017
충청북도,음성군,2018
충청북도,음성군,2019
충청북도,음성군,2020
충청북도,음성군,2021
충청북도,음성군,2022
충청북도,음성군,2023
충청북도,음성군,2024
충청북도,음성군,2025
충청북도,제천시,2008
충청북도,제천시,2009
충청북도,제천시,2010
충청북도,제천시,2011
충청북도,제천시,2012
충청북도,제천시,2013
충청북도,제천시,2014
충청북도,제천시,2015
충청북도,제천시,2016
충청북도,제천시,2017
충청북도,제천시,2018
충청북도,제천시,2019
충청북도,제천시,2020
충청북도,제천시,2021
충청북도,제천시,2022
충청북도,제천시,2023
충청북도,제천시,2024
충청북도,제천시,2025
충청북도,증평군,2008
충청북도,증평군,2009
충청북도,증평군,2010
충청북도,증평군,2011
충청북도,증평군,2012
충청북도,증평군,2013
충청북도,증평군,2014
충청북도,증평군,2015
충청북도,증평군,2016
충청북도,증평군,2017
충청북도,증평군,2018
충청북도,증평군,2019
충청북도,증평군,2020
충청북도,증평군,2021
충청북도,증평군,2022
충청북도,증평군,2023
충청북도,증평군,2024
충청북도,증평군,2025
충청북도,진천군,2008
충청북도,진천군,2009
충청북도,진천군,2010
충청북도,진천군,2011
충청북도,진천군,2012
충청북도,진천군,2013
충청북도,진천군,2014
충청북도,진천군,2015
충청북도,진천군,2016
충청북도,진천군,2017
충청북도,진천군,2018
충청북도,진천군,2019
충청북도,진천군,2020
충청북도,진천군,2021
충청북도,진천군,2022
충청북도,진천군,2023
충청북도,진천군,2024
충청북도,진천군,2025
충청북도,청원군,2008
충청북도,청원군,2009
충청북도,청원군,2010
충청북도,청원군,2011
충청북도,청원군,2012
충청북도,청원군,2013
충청북도,청원군,2014
충청북도,청주시,2008
충청북도,청주시,2009
충청북도,청주시,2010
충청북도,청주시,2011
충청북도,청주시,2012
충청북도,청주시,2013
충청북도,청주시,2014
충청북도,청주시,2015
충청북도,청주시,2016
충청북도,청주시,2017
충청북도,청주시,2018
충청북도,청주시,2019
충청북도,청주시,2020
충청북도,청주시,2021
충청북도,청주시,2022
충청북도,청주시,2023
충청북도,청주시,2024
충청북도,청주시,2025
충청북도,충주시,2008
충청북도,충주시,2009
충청북도,충주시,2010
충청북도,충주시,2011
충청북도,충주시,2012
충청북도,충주시,2013
충청북도,충주시,2014
충청북도,충주시,2015
충청북도,충주시,2016
충청북도,충주시,2017
충청북도,충주시,2018
충청북도,충주시,2019
충청북도,충주시,2020
충청북도,충주시,2021
충청북도,충주시,2022
충청북도,충주시,2023
충청북도,충주시,2024
충청북도,충주시,2025
